datetime,machineID,component,parts_cost_Jt,labor_hours,labor_cost_Jt,total_repair_cost_Jt,downtime_hours,replacement_cost_Jt,is_replacement
2015-01-01 03:47:01,24,comp2,106.97,27.8,22.2,129.18,29.3,53.79,0
2015-01-01 10:43:43,59,comp4,44.88,14.7,11.8,56.67,17.6,93.86,0
2015-01-01 20:05:22,8,comp1,19.96,22.3,17.84,37.8,23.9,128.89,0
2015-01-01 23:54:35,61,comp4,46.61,12.4,9.91,56.52,13.0,165.87,0
2015-01-02 00:56:22,51,comp3,21.84,18.3,14.64,36.49,18.9,105.43,0
2015-01-02 02:25:45,86,comp2,86.28,17.5,13.99,100.27,20.9,141.38,0
2015-01-02 09:02:53,14,comp4,36.16,21.8,17.41,53.57,24.4,161.02,0
2015-01-03 03:40:53,26,comp4,22.49,17.1,13.69,36.18,20.0,178.21,0
2015-01-03 06:57:19,34,comp2,50.98,14.3,11.44,62.42,15.8,137.09,0
2015-01-03 08:54:36,97,comp1,14.29,15.6,12.5,26.8,19.3,39.43,0
2015-01-04 00:54:59,12,comp1,33.37,19.0,15.17,48.54,22.4,114.99,0
2015-01-04 03:28:42,73,comp4,37.57,19.5,15.63,53.2,22.4,74.07,0
2015-01-04 14:49:34,11,comp3,6.15,6.0,4.82,10.97,6.7,52.78,0
2015-01-04 15:35:25,70,comp1,18.08,4.2,3.39,21.48,6.2,108.07,0
2015-01-04 18:07:41,15,comp3,11.98,11.8,9.47,21.45,15.1,91.17,0
2015-01-04 22:36:54,44,comp3,8.73,6.9,5.55,14.28,10.0,109.31,0
2015-01-05 18:19:18,50,comp4,43.05,6.5,5.2,48.25,7.4,143.16,0
2015-01-05 21:55:35,40,comp4,27.8,23.6,18.9,46.69,25.8,98.9,0
2015-01-06 07:27:18,60,comp3,23.51,6.3,5.07,28.58,9.6,117.87,0
2015-01-06 09:43:52,77,comp1,17.6,27.3,21.82,39.43,29.5,68.18,0
2015-01-06 11:52:20,49,comp2,31.01,15.6,12.51,43.52,19.3,49.3,0
2015-01-06 17:33:11,5,comp1,32.2,5.8,4.63,36.82,6.5,126.0,0
2015-01-06 18:30:29,86,comp1,13.64,14.6,11.7,25.33,16.7,119.4,0
2015-01-06 23:02:59,65,comp2,62.3,11.3,9.01,71.31,13.7,81.13,0
2015-01-07 03:05:25,86,comp3,12.61,22.6,18.09,30.69,25.4,122.48,0
2015-01-07 16:43:07,45,comp4,33.71,15.0,12.03,45.73,16.4,113.61,0
2015-01-08 12:39:55,38,comp1,17.44,22.8,18.21,35.65,24.2,99.24,0
2015-01-08 14:03:03,34,comp1,22.46,5.2,4.17,26.64,7.8,105.83,0
2015-01-08 21:57:19,38,comp1,10.45,3.6,2.89,13.34,4.4,44.01,0
2015-01-09 01:21:41,57,comp4,56.82,10.9,8.68,65.51,11.8,69.29,0
2015-01-09 07:03:57,85,comp2,25.46,8.0,6.38,31.84,8.8,82.75,0
2015-01-09 12:29:30,72,comp2,89.8,8.8,7.0,96.8,11.6,66.39,0
2015-01-10 04:34:06,20,comp3,20.43,12.6,10.11,30.54,14.5,125.14,0
2015-01-10 11:39:40,25,comp4,44.36,28.1,22.52,66.88,30.5,64.41,0
2015-01-10 15:01:32,19,comp3,14.84,5.1,4.07,18.91,8.7,150.08,0
2015-01-10 17:14:47,78,comp4,13.75,14.9,11.94,25.69,18.1,63.59,0
2015-01-10 23:20:24,39,comp1,30.52,25.0,20.02,50.54,26.6,176.78,0
2015-01-11 00:17:18,86,comp1,22.59,23.9,19.11,41.71,27.0,78.81,0
2015-01-11 01:04:41,57,comp3,8.39,22.0,17.62,26.02,24.5,60.29,0
2015-01-11 04:42:12,96,comp4,33.22,27.4,21.95,55.17,30.9,133.69,0
2015-01-11 11:20:43,36,comp4,46.24,10.1,8.08,54.32,13.2,109.87,0
2015-01-11 12:36:33,36,comp3,14.76,21.0,16.78,31.54,22.6,119.73,0
2015-01-11 17:15:20,20,comp3,21.26,26.3,21.05,42.31,29.5,48.62,0
2015-01-12 05:04:57,60,comp2,104.63,26.3,21.07,125.71,27.3,100.26,0
2015-01-12 05:48:28,68,comp4,37.43,23.5,18.8,56.23,26.9,169.99,0
2015-01-12 05:51:47,97,comp1,23.76,18.8,15.02,38.79,21.3,106.18,0
2015-01-12 06:31:51,36,comp3,18.35,14.2,11.35,29.7,15.8,165.38,0
2015-01-12 21:44:41,98,comp4,19.9,17.8,14.24,34.14,20.3,90.01,0
2015-01-13 01:13:13,38,comp4,22.18,25.6,20.45,42.63,27.6,50.56,0
2015-01-13 02:20:42,89,comp1,13.03,13.7,10.98,24.01,17.2,73.29,0
2015-01-13 16:13:31,52,comp3,15.03,7.5,6.02,21.05,9.5,123.86,0
2015-01-13 16:56:16,83,comp2,53.41,6.5,5.24,58.64,8.6,130.53,0
2015-01-13 22:58:47,75,comp4,18.92,22.2,17.73,36.65,24.0,126.42,0
2015-01-14 22:36:13,67,comp3,12.13,7.6,6.05,18.18,11.3,151.7,0
2015-01-15 06:02:31,59,comp3,21.19,8.1,6.44,27.64,8.7,188.51,0
2015-01-15 09:02:52,64,comp4,34.05,9.9,7.9,41.95,10.7,48.31,0
2015-01-15 10:50:31,81,comp3,21.76,24.9,19.96,41.72,25.7,87.24,0
2015-01-15 20:34:58,20,comp1,24.79,20.7,16.6,41.39,22.3,134.93,0
2015-01-16 00:56:22,19,comp1,12.53,19.7,15.72,28.25,21.8,73.65,0
2015-01-16 07:26:42,75,comp3,16.78,23.6,18.88,35.66,25.2,125.87,0
2015-01-16 10:25:08,10,comp1,18.72,22.6,18.11,36.83,23.6,109.65,0
2015-01-16 11:31:45,57,comp2,115.26,27.1,21.72,136.98,27.9,144.88,0
2015-01-16 11:50:49,17,comp2,43.85,15.2,12.17,56.02,17.1,118.3,0
2015-01-16 14:59:10,58,comp2,64.26,4.1,3.24,67.5,6.1,123.29,0
2015-01-16 15:13:58,38,comp1,29.79,16.9,13.56,43.35,17.5,63.8,0
2015-01-16 22:47:31,40,comp3,6.98,8.7,6.93,13.92,11.9,63.15,0
2015-01-17 05:52:23,16,comp2,53.95,20.1,16.1,70.05,22.8,103.6,0
2015-01-17 20:11:29,88,comp4,17.75,13.6,10.86,28.61,16.1,89.51,0
2015-01-17 22:49:20,63,comp3,7.49,13.5,10.77,18.27,17.3,119.77,0
2015-01-18 02:55:06,14,comp2,87.48,8.2,6.56,94.04,9.5,65.49,0
2015-01-18 05:42:44,21,comp2,17.16,5.5,4.38,21.54,6.7,46.16,0
2015-01-18 14:39:46,81,comp3,24.34,21.5,17.2,41.54,24.7,147.06,0
2015-01-18 16:14:13,49,comp3,19.06,21.9,17.53,36.6,23.9,113.37,0
2015-01-18 20:40:00,68,comp1,26.91,26.2,20.96,47.87,29.6,51.77,0
2015-01-18 22:44:35,25,comp3,10.56,20.8,16.61,27.18,21.9,50.66,0
2015-01-20 01:07:31,73,comp1,33.19,8.1,6.48,39.68,11.3,165.15,0
2015-01-20 07:49:12,99,comp4,49.82,10.7,8.53,58.35,13.1,154.73,0
2015-01-20 11:21:37,9,comp1,14.92,9.3,7.42,22.35,12.8,64.18,0
2015-01-20 12:41:12,36,comp4,51.25,12.4,9.92,61.17,13.4,168.48,0
2015-01-20 15:25:33,85,comp4,41.16,23.0,18.4,59.56,24.2,140.04,0
2015-01-20 15:31:02,5,comp3,11.96,21.6,17.29,29.25,23.1,176.37,0
2015-01-20 17:28:48,14,comp1,31.19,12.7,10.13,41.31,15.8,149.04,0
2015-01-20 22:51:56,50,comp2,39.85,24.3,19.42,59.28,28.2,78.73,0
2015-01-20 23:30:43,95,comp4,33.31,19.4,15.54,48.85,22.0,56.07,0
2015-01-21 01:03:23,60,comp3,22.7,27.4,21.9,44.6,31.2,82.57,0
2015-01-21 05:28:22,38,comp1,29.71,21.9,17.5,47.22,24.4,46.79,0
2015-01-21 08:23:39,86,comp4,33.41,16.1,12.9,46.31,17.9,55.57,0
2015-01-21 10:20:59,99,comp1,15.95,14.7,11.79,27.74,16.1,63.31,0
2015-01-21 19:40:22,50,comp4,58.29,25.1,20.05,78.34,27.8,50.5,0
2015-01-22 00:54:43,2,comp2,67.8,4.1,3.29,71.1,8.0,52.14,0
2015-01-22 01:13:07,60,comp1,28.93,20.3,16.21,45.14,23.2,80.15,0
2015-01-22 04:13:09,49,comp1,28.33,3.8,3.05,31.38,7.5,95.37,0
2015-01-22 19:04:08,68,comp1,15.66,27.9,22.35,38.01,31.8,83.92,0
2015-01-23 02:09:21,10,comp3,18.89,15.8,12.67,31.55,16.4,166.35,0
2015-01-23 04:49:08,9,comp1,23.49,10.5,8.4,31.88,12.9,74.96,0
2015-01-23 17:06:13,9,comp3,24.03,18.3,14.67,38.7,19.8,174.72,0
2015-01-23 18:31:17,7,comp2,21.12,2.4,1.93,23.05,5.5,90.42,0
2015-01-24 07:03:47,93,comp4,27.77,11.5,9.16,36.93,15.2,52.2,0
2015-01-24 09:23:13,51,comp1,32.49,26.3,21.01,53.5,27.4,153.47,0
2015-01-24 12:57:03,2,comp3,16.1,19.2,15.35,31.45,22.3,100.14,0
2015-01-24 14:56:01,89,comp2,37.35,14.9,11.88,49.23,17.5,155.88,0
2015-01-24 16:09:56,9,comp1,15.38,14.6,11.69,27.06,16.8,184.49,0
2015-01-25 04:21:30,33,comp3,11.35,10.3,8.21,19.57,12.4,94.69,0
2015-01-25 22:39:22,33,comp1,16.4,23.0,18.42,34.82,25.6,75.59,0
2015-01-26 09:02:41,50,comp3,8.2,26.3,21.02,29.22,28.9,108.5,0
2015-01-26 12:12:10,89,comp3,13.06,6.6,5.28,18.34,9.0,140.7,0
2015-01-27 01:43:40,91,comp2,111.57,25.1,20.12,131.68,27.1,143.55,0
2015-01-27 09:26:28,10,comp2,109.39,16.4,13.16,122.55,18.2,163.56,0
2015-01-27 13:43:39,67,comp2,62.67,28.2,22.57,85.24,29.4,111.22,0
2015-01-27 14:39:54,10,comp3,21.39,29.3,23.48,44.87,33.0,149.66,0
2015-01-27 15:29:34,85,comp2,85.15,15.6,12.5,97.65,17.5,154.98,0
2015-01-27 15:34:10,38,comp4,30.1,7.5,6.04,36.14,8.5,79.24,0
2015-01-27 17:10:53,12,comp3,9.75,12.3,9.85,19.61,15.6,132.71,0
2015-01-27 18:43:24,40,comp4,39.27,19.5,15.59,54.86,20.3,113.91,0
2015-01-27 23:02:53,20,comp1,32.5,28.0,22.42,54.92,28.6,167.97,0
2015-01-28 00:34:59,97,comp1,21.73,12.7,10.13,31.86,16.5,85.74,0
2015-01-28 02:40:37,61,comp2,39.74,30.3,24.21,63.95,32.8,115.99,0
2015-01-28 04:12:11,22,comp4,21.46,13.8,11.01,32.48,14.7,120.61,0
2015-01-28 15:26:36,52,comp1,19.05,16.8,13.46,32.51,17.7,98.65,0
2015-01-28 17:35:16,54,comp3,10.25,18.3,14.64,24.89,22.0,107.92,0
2015-01-29 04:09:03,11,comp3,6.6,17.4,13.95,20.55,20.3,105.93,0
2015-01-29 06:48:29,25,comp2,82.67,18.2,14.55,97.22,21.6,48.27,0
2015-01-29 10:50:21,11,comp4,25.12,21.9,17.55,42.67,24.9,107.47,0
2015-01-29 12:58:59,89,comp3,10.22,8.3,6.64,16.85,9.3,155.23,0
2015-01-29 16:26:34,71,comp3,9.35,9.3,7.44,16.79,12.8,55.0,0
2015-01-29 18:29:45,50,comp2,108.85,3.9,3.13,111.98,5.6,144.02,0
2015-01-30 01:26:59,65,comp4,33.02,10.1,8.05,41.07,12.7,82.53,0
2015-01-30 03:39:19,51,comp2,48.69,26.6,21.29,69.98,28.5,147.6,0
2015-01-30 05:19:24,15,comp4,32.0,16.6,13.31,45.31,17.9,143.25,0
2015-01-30 05:50:27,77,comp1,17.37,29.6,23.66,41.03,33.5,172.63,0
2015-01-30 12:20:18,39,comp2,83.74,27.8,22.24,105.98,29.4,158.88,0
2015-01-31 02:11:49,32,comp1,18.85,9.7,7.78,26.62,10.8,46.0,0
2015-01-31 16:02:18,69,comp4,42.06,10.1,8.06,50.12,11.5,118.82,0
2015-02-01 02:41:34,10,comp3,8.98,21.0,16.82,25.8,23.6,149.05,0
2015-02-01 04:35:34,67,comp4,28.23,7.0,5.56,33.79,8.4,150.91,0
2015-02-01 05:46:20,57,comp4,55.7,16.2,12.92,68.62,20.0,83.05,0
2015-02-01 07:02:17,32,comp3,15.79,24.7,19.72,35.51,25.8,54.4,0
2015-02-01 09:01:18,89,comp2,29.82,21.6,17.25,47.07,23.4,157.85,0
2015-02-01 12:43:19,51,comp4,53.43,11.4,9.08,62.51,13.5,130.92,0
2015-02-01 16:23:41,99,comp1,23.44,28.7,22.95,46.4,32.6,124.57,0
2015-02-01 20:08:26,10,comp3,23.52,13.6,10.87,34.39,15.5,167.63,0
2015-02-02 14:26:49,36,comp2,82.49,16.0,12.78,95.27,17.2,53.94,0
2015-02-02 23:51:25,99,comp4,41.0,8.7,6.99,47.99,12.4,178.2,0
2015-02-03 01:56:36,50,comp2,37.36,28.0,22.41,59.77,31.9,70.99,0
2015-02-03 03:39:12,91,comp1,15.25,27.6,22.05,37.3,28.7,132.15,0
2015-02-03 05:58:14,45,comp2,45.21,18.1,14.49,59.7,18.8,97.26,0
2015-02-03 15:45:24,42,comp4,31.44,15.1,12.08,43.52,17.4,50.18,0
2015-02-04 04:46:36,59,comp1,24.27,23.0,18.4,42.67,24.9,162.4,0
2015-02-05 00:06:14,75,comp3,17.44,18.2,14.55,31.99,22.2,94.75,0
2015-02-05 01:41:01,77,comp4,42.67,8.9,7.13,49.8,11.7,79.42,0
2015-02-05 02:23:47,67,comp4,58.93,28.8,23.05,81.98,30.5,137.44,0
2015-02-05 10:16:35,91,comp3,18.68,24.0,19.23,37.91,24.8,72.41,0
2015-02-05 10:26:27,59,comp2,74.59,21.8,17.43,92.02,22.9,139.76,0
2015-02-05 11:13:41,57,comp1,37.82,4.4,3.48,41.31,4.9,86.57,0
2015-02-05 14:27:29,84,comp3,15.0,7.8,6.25,21.25,9.3,150.89,0
2015-02-05 15:14:36,98,comp3,8.21,10.1,8.07,16.27,13.6,46.34,0
2015-02-05 20:17:02,14,comp3,16.43,13.0,10.43,26.86,14.3,167.17,0
2015-02-06 04:46:21,60,comp4,39.8,10.9,8.7,48.51,12.3,98.0,0
2015-02-06 04:58:03,91,comp2,82.04,14.0,11.16,93.2,14.7,85.14,0
2015-02-06 05:16:19,5,comp3,16.41,29.4,23.53,39.94,32.0,156.0,0
2015-02-06 06:25:54,25,comp1,33.59,12.5,10.0,43.58,14.4,165.94,0
2015-02-06 15:10:48,1,comp3,5.88,12.1,9.72,15.6,12.7,67.35,0
2015-02-06 22:15:51,91,comp1,30.57,11.9,9.52,40.1,14.7,84.64,0
2015-02-07 12:02:44,91,comp3,15.32,20.9,16.7,32.02,22.3,119.6,0
2015-02-07 15:27:38,1,comp1,7.78,10.5,8.4,16.17,11.3,46.46,0
2015-02-07 17:38:00,74,comp4,18.1,4.2,3.4,21.49,4.9,104.7,0
2015-02-07 17:53:42,81,comp1,28.36,13.0,10.41,38.78,17.0,110.59,0
2015-02-08 00:34:31,5,comp3,23.5,7.9,6.33,29.83,11.0,172.93,0
2015-02-08 05:19:15,2,comp3,10.38,5.5,4.39,14.76,8.4,82.53,0
2015-02-08 05:33:23,68,comp4,24.52,11.9,9.5,34.02,15.0,132.34,0
2015-02-08 10:56:54,82,comp2,27.95,22.4,17.96,45.91,23.4,130.44,0
2015-02-08 12:24:36,90,comp1,18.82,12.9,10.35,29.16,15.4,57.85,0
2015-02-08 12:55:26,51,comp4,59.05,15.4,12.34,71.38,18.4,75.96,0
2015-02-08 14:03:07,83,comp3,9.27,15.1,12.12,21.39,16.7,133.1,0
2015-02-08 17:22:49,65,comp4,23.53,12.5,9.98,33.51,16.2,48.77,0
2015-02-08 19:53:34,11,comp3,10.63,14.5,11.61,22.24,17.3,106.2,0
2015-02-08 23:27:57,64,comp2,49.8,16.3,13.03,62.83,17.2,125.99,0
2015-02-09 00:47:43,68,comp2,92.93,29.1,23.3,116.23,32.3,145.55,0
2015-02-09 00:58:16,49,comp4,34.76,29.8,23.87,58.63,31.1,141.0,0
2015-02-09 13:47:20,39,comp1,35.84,18.6,14.88,50.71,21.5,120.95,0
2015-02-09 20:11:10,50,comp4,62.01,26.2,20.96,82.97,28.9,143.3,0
2015-02-09 22:06:21,17,comp2,58.56,7.2,5.76,64.33,10.8,124.65,0
2015-02-10 05:29:46,12,comp4,21.97,20.7,16.59,38.57,21.4,130.18,0
2015-02-10 05:37:38,95,comp4,18.64,18.2,14.6,33.24,22.0,116.0,0
2015-02-10 14:56:29,59,comp2,48.64,20.0,15.97,64.6,22.3,177.37,0
2015-02-10 23:41:36,40,comp4,20.22,4.7,3.73,23.94,5.7,105.6,0
2015-02-11 09:27:56,26,comp4,60.78,25.5,20.41,81.19,27.8,131.2,0
2015-02-11 10:04:49,72,comp4,54.41,5.7,4.59,58.99,7.5,91.06,0
2015-02-11 22:16:37,89,comp3,18.56,7.3,5.8,24.36,9.5,136.87,0
2015-02-11 23:31:27,19,comp1,16.88,14.1,11.28,28.16,17.4,83.88,0
2015-02-11 23:33:12,39,comp1,28.68,28.8,23.06,51.74,32.2,48.58,0
2015-02-12 00:40:06,95,comp3,7.0,20.7,16.58,23.58,23.8,109.6,0
2015-02-12 01:51:31,78,comp1,7.97,18.3,14.67,22.64,19.7,47.92,0
2015-02-12 02:23:05,20,comp4,27.2,10.2,8.14,35.34,12.0,76.58,0
2015-02-12 08:27:25,88,comp2,61.53,19.9,15.92,77.45,21.3,138.1,0
2015-02-12 16:35:16,86,comp4,57.23,26.1,20.92,78.15,28.7,125.61,0
2015-02-13 01:34:03,100,comp4,21.41,15.8,12.62,34.03,16.7,67.68,0
2015-02-13 10:44:24,15,comp3,8.04,14.0,11.18,19.22,15.1,55.2,0
2015-02-14 01:32:03,61,comp1,15.56,14.5,11.64,27.19,16.5,124.44,0
2015-02-14 03:17:17,86,comp4,52.33,27.2,21.76,74.1,29.9,160.83,0
2015-02-14 04:51:21,100,comp3,6.75,6.9,5.53,12.28,8.4,71.72,0
2015-02-14 07:22:09,50,comp3,20.12,19.3,15.44,35.56,21.0,88.25,0
2015-02-14 10:11:12,38,comp2,67.44,8.3,6.62,74.06,11.5,150.37,0
2015-02-14 10:24:59,90,comp1,26.94,27.7,22.18,49.12,28.7,173.65,0
2015-02-14 11:31:25,39,comp3,12.41,12.9,10.3,22.72,15.3,143.85,0
2015-02-14 13:47:33,53,comp3,13.26,10.8,8.62,21.87,12.0,34.71,0
2015-02-14 14:48:31,96,comp4,28.9,7.5,5.98,34.88,9.0,82.26,0
2015-02-14 17:27:34,77,comp3,20.42,5.9,4.74,25.17,7.5,147.65,0
2015-02-14 19:03:46,20,comp3,22.22,16.9,13.54,35.76,20.7,182.54,0
2015-02-14 19:52:23,13,comp1,6.54,14.0,11.22,17.76,17.3,77.75,0
2015-02-14 21:53:48,20,comp4,41.86,15.1,12.05,53.91,15.9,112.6,0
2015-02-15 00:28:03,59,comp4,50.37,19.7,15.78,66.15,22.6,80.71,0
2015-02-15 02:19:16,81,comp1,25.86,21.2,16.99,42.84,24.5,79.95,0
2015-02-15 14:51:49,61,comp4,60.33,29.5,23.64,83.97,32.1,78.96,0
2015-02-16 00:02:54,50,comp2,42.02,6.1,4.86,46.88,10.1,123.77,0
2015-02-16 10:19:51,48,comp2,43.09,12.5,9.98,53.07,13.3,125.78,0
2015-02-16 13:25:27,10,comp4,28.27,11.6,9.27,37.54,13.9,106.26,0
2015-02-16 20:35:39,48,comp1,15.28,16.5,13.18,28.46,18.7,103.27,0
2015-02-17 00:18:53,40,comp2,56.79,23.4,18.73,75.53,26.2,59.61,0
2015-02-17 03:46:23,60,comp1,29.48,20.8,16.62,46.1,22.6,103.71,0
2015-02-17 10:36:39,84,comp1,14.65,19.0,15.21,29.86,21.0,132.21,0
2015-02-17 11:16:41,94,comp3,9.89,14.5,11.61,21.51,18.3,43.98,0
2015-02-17 23:55:49,77,comp4,59.95,24.1,19.29,79.24,26.4,139.05,0
2015-02-18 07:03:36,56,comp3,14.0,9.2,7.39,21.39,11.3,52.97,0
2015-02-18 09:35:31,22,comp3,20.08,27.2,21.73,41.81,31.0,116.38,0
2015-02-18 21:41:44,85,comp3,19.2,16.7,13.35,32.55,18.6,117.34,0
2015-02-19 00:11:27,89,comp4,25.37,7.6,6.06,31.43,8.8,140.5,0
2015-02-19 00:27:53,38,comp4,42.76,8.9,7.16,49.92,12.3,70.57,0
2015-02-19 00:42:01,64,comp2,29.61,16.3,13.04,42.65,18.2,64.76,0
2015-02-19 01:00:36,49,comp2,80.66,27.6,22.06,102.73,30.0,131.67,0
2015-02-19 03:50:19,49,comp4,51.0,25.7,20.57,71.57,26.3,145.5,0
2015-02-19 05:28:30,86,comp2,47.24,7.8,6.23,53.47,8.7,86.87,0
2015-02-19 10:24:29,23,comp3,7.83,11.3,9.01,16.84,14.4,89.57,0
2015-02-19 11:52:42,16,comp2,22.06,5.8,4.6,26.66,8.8,132.7,0
2015-02-19 13:34:38,36,comp3,8.84,7.5,6.01,14.84,11.0,176.54,0
2015-02-20 11:36:52,86,comp1,21.23,25.1,20.09,41.32,25.7,124.93,0
2015-02-20 19:19:39,14,comp2,43.11,13.3,10.65,53.76,16.4,125.28,0
2015-02-20 19:52:26,10,comp3,19.46,24.2,19.37,38.83,26.7,107.73,0
2015-02-20 21:07:54,60,comp2,67.4,7.4,5.88,73.28,9.0,102.34,0
2015-02-21 00:50:48,75,comp4,25.0,23.1,18.44,43.44,24.9,118.45,0
2015-02-21 04:29:42,86,comp2,99.49,4.1,3.29,102.78,5.0,124.31,0
2015-02-21 10:35:04,12,comp2,50.01,26.5,21.19,71.2,30.2,183.16,0
2015-02-21 18:48:37,28,comp3,7.82,10.1,8.1,15.92,12.9,143.81,0
2015-02-22 16:28:50,81,comp4,38.01,8.4,6.69,44.7,9.3,103.08,0
2015-02-22 16:48:39,36,comp2,33.87,27.2,21.77,55.64,30.8,48.27,0
2015-02-23 00:20:59,61,comp4,26.79,27.4,21.93,48.73,31.2,178.36,0
2015-02-23 02:52:29,74,comp1,17.04,17.1,13.69,30.73,17.9,91.28,0
2015-02-23 17:44:23,32,comp2,45.99,16.7,13.39,59.38,18.1,58.55,0
2015-02-24 10:35:37,3,comp1,10.88,14.3,11.46,22.34,17.3,45.32,0
2015-02-24 15:57:01,77,comp1,32.06,12.3,9.88,41.94,12.9,65.31,0
2015-02-25 02:22:03,97,comp3,13.14,13.3,10.61,23.74,13.9,148.35,0
2015-02-25 05:44:17,54,comp3,10.1,9.4,7.49,17.59,13.0,45.45,0
2015-02-25 13:57:13,70,comp1,12.52,17.1,13.65,26.17,20.8,35.01,0
2015-02-25 15:12:02,97,comp1,12.68,20.7,16.56,29.24,22.3,100.93,0
2015-02-25 23:37:33,65,comp2,53.69,15.0,12.01,65.7,16.1,75.1,0
2015-02-26 04:09:39,61,comp1,27.86,9.3,7.42,35.28,13.1,184.52,0
2015-02-26 04:35:22,86,comp2,62.66,27.1,21.69,84.35,30.5,84.89,0
2015-02-26 12:48:31,68,comp1,33.79,4.5,3.61,37.4,6.6,57.75,0
2015-02-27 05:26:18,25,comp1,22.41,19.9,15.92,38.33,23.1,86.06,0
2015-02-27 12:20:02,16,comp4,33.73,17.3,13.81,47.53,20.4,144.45,0
2015-02-27 14:34:17,89,comp2,75.7,17.3,13.88,89.58,20.2,78.71,0
2015-02-27 17:00:34,63,comp1,13.91,18.5,14.8,28.71,21.4,109.63,0
2015-02-27 21:17:11,15,comp4,23.57,17.2,13.75,37.32,20.5,63.58,0
2015-02-27 22:37:20,50,comp2,100.09,4.5,3.61,103.71,5.5,128.19,0
2015-02-28 13:50:37,32,comp3,8.72,25.4,20.29,29.0,27.7,128.6,0
2015-02-28 22:11:53,50,comp2,83.21,8.6,6.85,90.06,11.8,112.36,0
2015-03-01 01:43:27,64,comp1,17.35,22.0,17.6,34.96,24.9,125.85,0
2015-03-01 04:18:23,38,comp1,13.55,21.1,16.89,30.44,24.1,113.71,0
2015-03-01 06:41:52,91,comp2,60.99,8.5,6.81,67.8,12.0,68.34,0
2015-03-01 08:14:53,33,comp3,17.84,25.0,20.04,37.88,25.6,97.76,0
2015-03-01 09:58:51,41,comp3,13.98,22.0,17.62,31.6,24.3,108.48,0
2015-03-01 19:06:53,61,comp3,15.05,4.7,3.77,18.82,5.3,148.14,0
2015-03-01 22:45:03,65,comp4,18.6,16.0,12.78,31.38,16.7,91.77,0
2015-03-02 00:15:28,82,comp2,48.43,23.1,18.52,66.95,25.4,101.87,0
2015-03-02 00:32:29,18,comp1,15.67,14.9,11.89,27.56,17.0,44.79,0
2015-03-02 02:11:23,95,comp2,51.93,13.8,11.05,62.97,17.5,139.22,0
2015-03-02 02:48:39,9,comp1,27.09,26.1,20.85,47.94,27.0,126.98,0
2015-03-02 08:52:46,14,comp4,28.4,17.9,14.28,42.68,18.8,126.66,0
2015-03-02 10:06:35,99,comp2,63.85,19.7,15.74,79.59,21.9,165.89,0
2015-03-02 18:59:23,51,comp2,34.3,31.0,24.79,59.09,33.2,55.0,0
2015-03-02 23:52:41,51,comp3,9.52,20.4,16.36,25.87,24.1,120.97,0
2015-03-03 03:09:38,98,comp2,40.7,12.6,10.08,50.78,14.5,38.81,0
2015-03-03 03:09:59,99,comp3,7.9,7.2,5.79,13.69,9.8,149.99,0
2015-03-03 03:22:45,10,comp2,99.18,5.6,4.5,103.69,6.5,94.65,0
2015-03-03 06:18:25,12,comp3,15.52,27.5,22.02,37.55,30.0,86.85,0
2015-03-03 08:26:22,71,comp2,51.32,3.2,2.59,53.91,5.0,107.1,0
2015-03-03 12:11:29,60,comp3,11.64,11.3,9.03,20.67,12.0,131.02,0
2015-03-03 19:49:53,19,comp3,6.1,17.4,13.9,20.0,19.0,89.27,0
2015-03-04 10:59:46,59,comp4,41.61,22.7,18.13,59.75,24.7,103.15,0
2015-03-04 18:03:11,15,comp4,40.99,20.3,16.2,57.19,21.4,123.78,0
2015-03-05 02:37:34,18,comp4,19.88,18.9,15.13,35.01,22.7,143.46,0
2015-03-05 14:24:28,39,comp2,100.11,23.2,18.53,118.64,24.6,180.25,0
2015-03-05 21:39:54,77,comp3,8.51,7.9,6.29,14.81,10.9,75.81,0
2015-03-06 02:19:42,36,comp3,8.16,5.8,4.68,12.84,9.0,104.53,0
2015-03-06 14:07:54,6,comp1,11.91,9.5,7.6,19.51,10.0,43.53,0
2015-03-06 14:37:55,68,comp1,30.11,27.8,22.22,52.33,28.9,122.35,0
2015-03-07 03:54:29,39,comp1,29.41,12.7,10.17,39.58,16.1,107.98,0
2015-03-07 21:38:18,24,comp3,23.78,12.0,9.56,33.34,15.7,160.95,0
2015-03-08 00:21:44,69,comp4,16.0,6.5,5.17,21.16,8.2,69.31,0
2015-03-09 12:03:34,51,comp2,100.05,4.6,3.68,103.73,6.2,184.38,0
2015-03-09 14:03:08,23,comp4,29.51,25.9,20.74,50.25,27.5,100.51,0
2015-03-09 16:05:32,86,comp4,22.73,9.7,7.78,30.51,11.3,104.86,0
2015-03-09 18:25:51,86,comp3,15.1,9.7,7.74,22.84,10.3,54.27,0
2015-03-09 23:45:52,69,comp4,21.85,16.8,13.47,35.31,19.7,115.32,0
2015-03-10 00:53:45,58,comp2,30.64,15.9,12.69,43.33,17.6,59.62,0
2015-03-10 05:05:02,75,comp4,26.13,6.6,5.26,31.39,8.4,126.88,0
2015-03-10 07:22:57,26,comp3,14.59,16.1,12.89,27.48,17.6,113.05,0
2015-03-10 09:42:55,41,comp4,31.66,12.5,9.98,41.64,13.9,109.28,0
2015-03-10 18:14:51,18,comp1,22.84,21.3,17.03,39.87,22.8,89.2,0
2015-03-11 08:22:21,20,comp4,35.6,28.0,22.4,58.01,29.5,88.42,0
2015-03-11 15:45:45,19,comp2,84.55,19.1,15.27,99.83,21.0,51.48,0
2015-03-11 16:30:59,49,comp3,16.44,26.2,20.97,37.41,28.3,135.6,0
2015-03-11 22:15:06,69,comp3,13.27,23.1,18.45,31.72,23.9,137.15,0
2015-03-12 01:35:58,97,comp2,49.73,22.2,17.76,67.49,25.2,86.92,0
2015-03-12 10:49:20,97,comp3,10.15,2.9,2.36,12.51,3.6,139.51,0
2015-03-12 11:36:05,58,comp3,17.64,21.3,17.03,34.66,25.2,116.74,0
2015-03-12 13:50:14,36,comp2,75.62,4.8,3.85,79.47,6.9,161.46,0
2015-03-12 14:52:13,43,comp4,34.62,5.7,4.55,39.18,7.7,92.54,0
2015-03-13 14:23:38,50,comp3,20.0,14.1,11.24,31.25,17.2,58.6,0
2015-03-13 21:43:17,49,comp3,24.31,25.9,20.71,45.02,26.8,74.24,0
2015-03-14 04:00:51,10,comp3,16.37,5.3,4.28,20.64,9.2,93.84,0
2015-03-14 20:23:45,60,comp2,100.98,16.9,13.56,114.54,17.9,62.42,0
2015-03-15 06:22:03,63,comp4,27.73,17.9,14.29,42.02,19.2,140.75,0
2015-03-15 17:08:38,84,comp4,40.47,6.6,5.3,45.77,7.4,102.26,0
2015-03-15 17:58:35,9,comp3,20.66,18.4,14.74,35.4,20.2,146.54,0
2015-03-15 19:39:45,21,comp3,10.15,8.0,6.38,16.53,8.5,98.36,0
2015-03-15 20:09:30,73,comp1,22.72,9.7,7.78,30.5,11.7,64.73,0
2015-03-15 20:52:31,3,comp4,30.33,21.8,17.44,47.77,24.4,112.21,0
2015-03-15 22:44:56,1,comp3,6.9,9.7,7.74,14.64,10.2,75.3,0
2015-03-16 00:37:02,61,comp3,16.73,24.2,19.34,36.08,27.3,97.24,0
2015-03-16 09:17:28,49,comp4,22.72,27.3,21.86,44.58,29.3,73.59,0
2015-03-16 09:44:56,3,comp2,24.22,7.0,5.61,29.83,7.8,132.11,0
2015-03-16 12:04:45,23,comp1,11.56,15.9,12.68,24.25,19.8,140.77,0
2015-03-16 19:00:56,48,comp1,20.62,9.4,7.48,28.1,12.1,91.17,0
2015-03-17 00:06:00,20,comp4,29.62,19.3,15.45,45.07,21.8,106.97,0
2015-03-17 09:18:25,49,comp3,20.42,20.4,16.29,36.7,21.8,94.25,0
2015-03-17 12:16:03,25,comp2,76.0,6.2,5.0,81.0,7.7,166.72,0
2015-03-18 12:30:01,22,comp3,9.56,24.6,19.7,29.26,26.5,65.35,0
2015-03-18 19:48:31,53,comp3,5.71,6.3,5.06,10.77,6.9,119.21,0
2015-03-19 00:34:03,39,comp2,29.56,5.2,4.19,33.75,8.3,97.12,0
2015-03-19 08:01:31,25,comp2,116.92,29.0,23.21,140.13,30.6,166.13,0
2015-03-19 08:50:13,72,comp2,80.36,20.4,16.33,96.69,21.8,62.55,0
2015-03-19 10:10:34,38,comp2,72.87,10.1,8.07,80.94,12.2,139.2,0
2015-03-19 12:09:12,19,comp3,11.4,20.2,16.16,27.56,24.1,95.42,0
2015-03-19 23:32:35,75,comp3,14.29,15.4,12.32,26.6,17.0,128.61,0
2015-03-21 01:18:01,60,comp1,27.6,21.7,17.37,44.97,25.7,100.58,0
2015-03-21 01:39:52,14,comp4,47.78,13.4,10.73,58.51,15.2,79.88,0
2015-03-21 07:50:01,10,comp4,37.26,25.6,20.49,57.75,26.8,134.52,0
2015-03-21 16:39:16,85,comp3,19.16,23.1,18.48,37.64,26.9,161.1,0
2015-03-22 07:50:10,33,comp3,8.59,24.7,19.74,28.34,26.3,42.61,0
2015-03-22 10:50:47,85,comp4,44.67,8.5,6.83,51.5,10.8,124.92,0
2015-03-22 16:43:25,51,comp1,15.65,17.4,13.91,29.56,20.3,48.16,0
2015-03-23 14:03:18,17,comp3,11.88,18.5,14.78,26.66,19.4,52.19,0
2015-03-23 15:02:40,24,comp1,25.98,20.4,16.31,42.29,22.5,53.58,0
2015-03-23 19:12:38,14,comp4,24.85,21.9,17.53,42.38,23.1,104.48,0
2015-03-23 22:53:50,51,comp2,34.32,10.2,8.17,42.49,11.6,116.86,0
2015-03-24 04:49:00,36,comp4,27.96,16.9,13.53,41.49,19.0,75.27,0
2015-03-24 08:58:10,84,comp2,60.65,5.5,4.42,65.07,7.4,145.15,0
2015-03-24 09:06:01,43,comp2,44.58,20.7,16.59,61.17,24.0,112.11,0
2015-03-24 14:52:09,95,comp2,24.49,23.5,18.8,43.29,26.6,57.83,0
2015-03-24 18:44:31,11,comp1,15.11,5.8,4.67,19.79,6.6,125.86,0
2015-03-24 23:50:29,24,comp3,22.66,8.8,7.06,29.72,9.8,59.78,0
2015-03-25 02:11:07,33,comp2,65.01,21.0,16.82,81.83,22.8,89.82,0
2015-03-25 12:09:36,91,comp2,32.8,6.6,5.26,38.06,8.3,92.67,0
2015-03-25 13:11:01,98,comp2,67.07,11.3,9.04,76.11,12.3,44.19,0
2015-03-25 20:48:44,85,comp3,6.48,11.9,9.49,15.97,15.7,111.45,0
2015-03-26 00:51:03,49,comp4,57.6,13.1,10.47,68.07,17.1,97.34,0
2015-03-26 09:06:00,83,comp3,6.23,13.4,10.73,16.95,16.6,91.5,0
2015-03-26 13:07:09,9,comp4,29.24,24.1,19.24,48.48,27.4,166.47,0
2015-03-26 15:34:36,38,comp3,6.16,16.2,12.97,19.13,18.7,79.82,0
2015-03-26 23:44:50,26,comp3,24.27,18.9,15.12,39.4,20.2,49.51,0
2015-03-27 01:16:12,73,comp4,29.02,12.8,10.21,39.24,15.4,163.93,0
2015-03-27 05:09:28,36,comp4,35.91,21.5,17.22,53.13,25.3,137.3,0
2015-03-27 23:17:30,79,comp2,25.23,4.9,3.89,29.12,7.5,106.61,0
2015-03-28 00:59:36,88,comp1,11.97,10.6,8.45,20.42,13.4,91.64,0
2015-03-28 01:25:41,46,comp3,15.05,5.6,4.46,19.51,6.2,155.81,0
2015-03-28 09:13:57,19,comp1,26.13,17.5,13.98,40.11,18.8,77.67,0
2015-03-28 13:47:53,20,comp2,61.15,31.0,24.83,85.98,31.6,112.97,0
2015-03-29 01:54:07,38,comp1,19.75,19.7,15.75,35.5,20.5,69.28,0
2015-03-29 02:06:49,95,comp3,11.22,14.7,11.76,22.98,15.3,158.27,0
2015-03-29 05:48:09,25,comp2,99.02,22.7,18.16,117.18,25.7,92.08,0
2015-03-29 06:21:42,60,comp2,81.28,4.7,3.79,85.07,6.5,114.69,0
2015-03-29 07:22:33,53,comp1,13.86,14.6,11.69,25.54,18.6,87.77,0
2015-03-29 14:52:52,77,comp1,13.44,9.8,7.85,21.28,10.4,136.18,0
2015-03-29 19:57:19,96,comp2,67.99,15.2,12.12,80.11,19.1,78.44,0
2015-03-30 08:17:48,49,comp2,78.89,4.8,3.83,82.71,5.5,89.59,0
2015-03-30 08:19:32,67,comp3,23.23,26.2,20.96,44.19,27.8,117.74,0
2015-03-30 09:20:37,20,comp2,90.12,9.7,7.77,97.89,11.2,103.33,0
2015-03-30 17:42:52,91,comp1,29.78,25.3,20.28,50.06,26.9,129.18,0
2015-03-30 21:43:48,57,comp4,46.1,17.8,14.25,60.35,21.3,99.34,0
2015-03-31 08:51:31,73,comp2,84.2,13.1,10.5,94.71,14.0,72.0,0
2015-03-31 12:46:13,48,comp1,10.94,17.8,14.2,25.14,19.0,44.75,0
2015-03-31 19:30:47,32,comp3,15.07,12.3,9.82,24.89,16.0,100.09,0
2015-03-31 21:30:53,52,comp4,32.19,14.3,11.46,43.66,14.9,105.95,0
2015-04-01 04:09:11,70,comp2,17.36,8.8,7.04,24.39,11.9,83.5,0
2015-04-01 11:42:18,85,comp4,26.52,19.3,15.41,41.93,22.2,110.28,0
2015-04-01 15:40:03,52,comp2,49.19,8.1,6.51,55.7,10.5,126.52,0
2015-04-01 16:57:35,63,comp1,24.91,21.3,17.04,41.96,24.6,69.58,0
2015-04-01 19:22:41,78,comp2,18.16,13.2,10.55,28.71,16.3,97.98,0
2015-04-02 01:38:18,32,comp4,16.33,5.7,4.56,20.89,6.4,51.05,0
2015-04-02 04:13:02,67,comp4,52.47,29.1,23.28,75.75,30.2,70.59,0
2015-04-02 04:29:41,81,comp3,16.68,19.6,15.66,32.34,23.3,79.06,0
2015-04-02 05:08:02,25,comp2,98.96,20.1,16.06,115.03,21.3,96.59,0
2015-04-02 08:15:33,10,comp4,24.9,30.2,24.12,49.02,32.1,177.29,0
2015-04-02 16:43:45,83,comp3,13.66,18.9,15.1,28.76,19.6,75.41,0
2015-04-02 19:12:59,6,comp1,13.1,7.9,6.34,19.44,11.1,80.7,0
2015-04-02 22:33:06,18,comp3,19.9,6.7,5.33,25.23,8.2,138.41,0
2015-04-03 02:55:02,72,comp2,69.14,23.9,19.08,88.22,25.0,71.29,0
2015-04-03 09:40:59,86,comp3,11.64,15.7,12.57,24.2,17.9,157.77,0
2015-04-03 15:24:00,38,comp3,10.54,21.0,16.8,27.34,24.4,113.45,0
2015-04-03 16:42:51,10,comp4,30.64,7.4,5.9,36.53,8.4,136.44,0
2015-04-03 17:49:44,63,comp1,13.98,18.5,14.82,28.81,19.5,107.66,0
2015-04-03 21:55:59,32,comp2,28.33,7.4,5.93,34.25,9.0,148.04,0
2015-04-03 22:24:50,60,comp2,43.94,19.0,15.24,59.18,22.9,71.37,0
2015-04-04 03:42:19,51,comp1,25.7,20.0,16.0,41.71,23.6,128.26,0
2015-04-04 07:58:53,45,comp1,20.38,9.4,7.52,27.9,10.4,139.7,0
2015-04-04 12:41:46,69,comp1,10.39,15.8,12.63,23.01,18.8,129.97,0
2015-04-04 17:36:05,45,comp4,15.76,5.2,4.18,19.94,6.9,41.27,0
2015-04-05 07:31:13,39,comp2,76.19,14.8,11.83,88.02,16.8,71.52,0
2015-04-05 11:46:06,46,comp1,19.47,24.9,19.95,39.42,27.8,96.5,0
2015-04-05 14:13:35,85,comp4,18.03,20.0,16.02,34.05,23.6,42.58,0
2015-04-05 15:44:12,61,comp3,22.87,13.1,10.52,33.38,17.0,166.57,0
2015-04-05 16:58:19,42,comp1,26.64,8.7,6.96,33.6,9.6,41.91,0
2015-04-05 18:05:59,25,comp2,32.84,30.2,24.14,56.98,31.0,142.66,0
2015-04-05 20:05:06,68,comp3,9.74,5.3,4.22,13.96,7.9,131.14,0
2015-04-05 20:53:44,12,comp1,36.45,15.7,12.59,49.04,18.5,152.52,0
2015-04-06 02:05:52,25,comp3,21.55,19.6,15.7,37.26,20.8,127.12,0
2015-04-06 08:10:50,42,comp1,10.92,6.3,5.05,15.97,8.6,110.39,0
2015-04-06 14:53:36,10,comp3,13.34,28.9,23.09,36.43,30.9,84.61,0
2015-04-07 00:26:28,31,comp2,67.3,13.1,10.51,77.82,13.9,119.37,0
2015-04-07 00:50:50,38,comp4,42.9,14.8,11.84,54.74,15.4,68.27,0
2015-04-07 09:05:10,19,comp2,38.42,6.3,5.06,43.48,7.6,99.38,0
2015-04-07 09:18:26,50,comp3,12.29,24.3,19.42,31.71,25.3,70.28,0
2015-04-07 18:41:46,27,comp1,14.32,13.9,11.14,25.47,15.8,34.76,0
2015-04-07 21:47:08,17,comp2,21.15,11.5,9.21,30.36,12.2,43.98,0
2015-04-08 00:21:53,4,comp3,11.47,15.8,12.64,24.11,16.8,85.42,0
2015-04-08 03:05:03,72,comp3,24.1,23.1,18.46,42.56,23.7,158.51,0
2015-04-08 05:35:52,57,comp1,20.47,18.0,14.44,34.91,20.4,56.97,0
2015-04-08 08:00:39,73,comp1,23.83,19.6,15.65,39.47,20.2,174.78,0
2015-04-08 08:15:59,86,comp2,33.91,10.5,8.36,42.27,12.7,140.92,0
2015-04-08 12:37:10,14,comp2,85.62,16.4,13.15,98.76,17.3,57.1,0
2015-04-08 15:15:07,48,comp3,7.58,17.7,14.17,21.75,21.7,98.21,0
2015-04-08 23:20:27,37,comp4,31.02,9.3,7.47,38.49,9.9,73.93,0
2015-04-09 00:31:40,59,comp1,16.27,14.5,11.64,27.9,16.0,149.82,0
2015-04-09 01:16:08,50,comp4,52.56,28.6,22.9,75.47,31.2,155.55,0
2015-04-09 15:14:25,70,comp4,14.48,9.8,7.81,22.3,13.5,121.53,0
2015-04-09 22:11:09,21,comp3,10.23,17.4,13.91,24.14,19.4,44.83,0
2015-04-09 23:44:42,91,comp4,51.52,15.2,12.13,63.64,16.4,89.34,0
2015-04-10 03:49:02,70,comp2,58.36,4.5,3.59,61.96,7.7,104.8,0
2015-04-10 19:08:05,77,comp2,64.86,17.6,14.11,78.97,18.7,179.01,0
2015-04-11 08:01:08,43,comp2,31.69,19.9,15.96,47.64,23.4,123.5,0
2015-04-11 15:50:25,31,comp3,6.5,13.2,10.54,17.04,16.4,105.72,0
2015-04-12 00:49:57,36,comp3,16.02,15.4,12.33,28.35,17.9,82.15,0
2015-04-12 06:30:44,10,comp4,23.15,13.1,10.51,33.66,14.9,166.94,0
2015-04-12 10:42:07,20,comp3,18.73,11.2,8.95,27.69,12.8,56.65,0
2015-04-12 17:36:00,15,comp4,29.66,6.3,5.04,34.7,9.5,63.28,0
2015-04-12 19:31:17,77,comp1,24.46,11.0,8.81,33.27,14.8,60.77,0
2015-04-13 12:30:29,14,comp4,35.38,16.1,12.85,48.23,20.0,76.2,0
2015-04-13 16:55:57,77,comp2,31.21,11.9,9.56,40.77,14.1,113.58,0
2015-04-13 17:00:03,13,comp3,9.91,3.3,2.68,12.59,4.0,103.01,0
2015-04-13 17:49:40,52,comp1,19.04,11.9,9.53,28.56,14.1,156.54,0
2015-04-13 18:40:50,51,comp4,52.66,26.6,21.24,73.9,28.7,62.86,0
2015-04-13 22:11:28,66,comp3,7.44,15.7,12.55,19.99,18.6,113.34,0
2015-04-13 23:52:17,8,comp4,36.33,4.7,3.78,40.11,7.3,132.85,0
2015-04-14 01:24:16,86,comp4,28.64,7.3,5.85,34.49,8.4,80.7,0
2015-04-14 02:19:33,20,comp3,10.37,17.5,14.02,24.39,18.3,93.85,0
2015-04-14 03:42:24,10,comp1,32.15,19.8,15.81,47.96,21.2,48.89,0
2015-04-14 03:52:26,54,comp2,37.56,17.2,13.74,51.3,18.4,72.01,0
2015-04-14 14:48:34,19,comp1,13.06,11.3,9.02,22.08,12.5,104.0,0
2015-04-14 17:08:40,60,comp3,17.15,29.1,23.3,40.45,31.8,52.85,0
2015-04-14 18:13:46,61,comp3,20.97,9.4,7.5,28.47,13.2,58.5,0
2015-04-14 20:47:36,97,comp2,45.19,17.2,13.8,58.98,18.5,86.83,0
2015-04-15 05:37:39,42,comp3,10.26,10.0,8.01,18.26,11.8,116.67,0
2015-04-15 21:21:01,41,comp3,5.95,12.2,9.79,15.74,14.0,108.31,0
2015-04-16 05:07:26,48,comp3,12.38,10.7,8.53,20.91,11.7,42.11,0
2015-04-16 12:34:06,32,comp1,25.65,15.6,12.48,38.13,19.2,67.96,0
2015-04-16 16:10:56,99,comp2,71.97,9.6,7.69,79.66,12.2,59.33,0
2015-04-16 17:31:06,57,comp1,37.13,23.6,18.88,56.01,25.8,154.84,0
2015-04-16 18:28:09,14,comp3,18.99,24.7,19.79,38.78,28.2,154.49,0
2015-04-16 20:08:20,77,comp4,52.07,29.1,23.28,75.34,30.8,93.95,0
2015-04-16 23:56:29,36,comp4,36.94,9.0,7.19,44.13,12.5,61.5,0
2015-04-17 02:05:58,99,comp2,66.44,22.4,17.93,84.37,25.2,157.02,0
2015-04-17 03:03:52,97,comp4,28.84,5.2,4.12,32.97,6.1,42.99,0
2015-04-17 04:30:17,61,comp1,18.32,20.9,16.75,35.07,21.9,70.41,0
2015-04-17 12:46:00,49,comp1,21.74,17.3,13.84,35.58,18.0,184.51,0
2015-04-17 14:20:33,73,comp4,49.11,21.6,17.26,66.37,24.2,64.75,0
2015-04-17 15:26:01,32,comp2,50.75,12.1,9.68,60.44,15.1,59.94,0
2015-04-18 03:24:05,84,comp4,43.03,3.2,2.57,45.6,4.1,126.75,0
2015-04-18 06:48:44,61,comp4,44.64,25.6,20.47,65.12,27.5,169.0,0
2015-04-18 07:00:35,44,comp4,19.93,10.7,8.58,28.51,12.8,112.51,0
2015-04-18 09:09:47,49,comp4,59.25,8.0,6.43,65.68,10.7,135.21,0
2015-04-18 10:50:47,14,comp2,84.52,13.5,10.78,95.3,15.3,82.61,0
2015-04-18 16:23:19,86,comp2,74.6,23.1,18.46,93.06,23.7,177.99,0
2015-04-19 00:36:25,58,comp3,13.07,15.4,12.33,25.39,16.8,100.11,0
2015-04-19 01:32:22,37,comp1,17.07,4.5,3.6,20.67,5.5,46.0,0
2015-04-19 04:13:44,4,comp4,24.02,10.3,8.26,32.28,12.1,47.16,0
2015-04-19 04:26:38,96,comp2,29.08,6.4,5.1,34.18,10.1,163.99,0
2015-04-19 04:46:07,20,comp4,28.8,4.3,3.46,32.26,5.4,158.83,0
2015-04-19 07:47:58,42,comp4,24.8,17.5,14.02,38.81,19.4,119.45,0
2015-04-19 09:38:00,20,comp1,33.15,24.4,19.56,52.71,25.9,53.86,0
2015-04-19 15:22:01,83,comp2,32.25,18.2,14.56,46.8,19.0,68.79,0
2015-04-20 10:09:31,14,comp1,25.28,22.2,17.76,43.05,25.6,148.05,0
2015-04-20 19:07:34,52,comp2,37.07,15.1,12.05,49.11,16.1,85.44,0
2015-04-20 21:44:20,49,comp4,36.3,12.9,10.32,46.61,16.5,87.73,0
2015-04-21 00:02:54,100,comp4,36.66,18.4,14.71,51.37,19.9,76.14,0
2015-04-21 05:04:51,25,comp3,10.41,16.9,13.53,23.94,19.5,60.62,0
2015-04-21 10:14:04,50,comp3,24.29,6.3,5.05,29.35,10.1,106.44,0
2015-04-21 16:16:30,12,comp4,45.92,16.7,13.38,59.3,20.2,163.05,0
2015-04-21 23:10:45,32,comp1,22.55,16.4,13.15,35.7,17.8,143.58,0
2015-04-22 03:31:22,73,comp4,48.43,12.7,10.2,58.62,15.9,153.58,0
2015-04-22 10:13:46,24,comp2,61.91,12.5,10.03,71.94,16.5,181.76,0
2015-04-22 14:33:59,67,comp2,60.64,19.0,15.23,75.87,20.3,63.79,0
2015-04-22 16:54:01,95,comp4,35.19,21.8,17.41,52.6,24.9,64.02,0
2015-04-22 16:55:17,71,comp4,20.58,9.4,7.48,28.06,11.5,99.73,0
2015-04-22 20:37:34,60,comp1,23.31,12.0,9.63,32.94,15.3,79.15,0
2015-04-22 21:19:55,52,comp4,48.03,18.2,14.58,62.61,22.0,146.04,0
2015-04-22 22:23:04,59,comp2,36.28,23.3,18.67,54.96,26.0,163.09,0
2015-04-23 02:02:44,56,comp1,20.01,14.0,11.18,31.18,15.8,77.77,0
2015-04-24 02:44:00,52,comp3,12.34,4.3,3.42,15.76,6.4,59.25,0
2015-04-24 08:20:48,61,comp3,19.18,7.6,6.09,25.27,10.8,161.97,0
2015-04-24 10:54:39,49,comp4,29.27,19.1,15.24,44.51,23.0,81.83,0
2015-04-24 22:23:09,68,comp1,24.73,5.8,4.68,29.41,7.5,68.64,0
2015-04-25 12:38:46,90,comp2,56.69,28.9,23.12,79.82,29.8,166.0,0
2015-04-25 14:37:43,75,comp1,25.26,18.1,14.44,39.7,21.0,142.24,0
2015-04-25 14:55:03,77,comp2,46.3,27.8,22.27,68.57,30.5,48.33,0
2015-04-25 15:45:00,72,comp3,8.52,12.4,9.95,18.47,15.6,131.04,0
2015-04-25 19:42:22,23,comp4,26.73,14.6,11.66,38.39,16.8,42.92,0
2015-04-25 21:43:49,72,comp2,47.12,6.2,4.99,52.11,7.5,149.51,0
2015-04-26 01:13:01,49,comp2,105.39,20.0,15.97,121.36,23.6,82.72,0
2015-04-26 05:31:02,9,comp2,86.51,21.6,17.29,103.81,24.8,159.58,0
2015-04-26 11:31:55,51,comp1,17.86,30.8,24.68,42.54,32.1,108.16,0
2015-04-26 22:44:31,62,comp1,18.89,7.7,6.18,25.07,10.9,59.12,0
2015-04-26 23:16:17,34,comp2,53.18,4.7,3.73,56.91,5.4,55.72,0
2015-04-27 06:24:43,12,comp3,15.69,16.5,13.19,28.87,18.6,82.46,0
2015-04-27 07:13:34,68,comp3,18.02,6.2,4.97,22.99,9.0,106.56,0
2015-04-27 15:12:23,22,comp4,21.8,22.5,18.0,39.8,24.1,183.94,0
2015-04-27 21:03:22,23,comp2,50.46,13.7,10.99,61.45,16.0,128.82,0
2015-04-28 02:57:15,39,comp1,20.14,26.4,21.09,41.23,29.2,155.5,0
2015-04-28 03:23:54,89,comp4,16.82,3.2,2.54,19.35,4.5,147.97,0
2015-04-28 07:58:41,72,comp3,11.24,19.8,15.83,27.07,21.8,141.31,0
2015-04-28 08:36:59,80,comp1,13.04,8.5,6.8,19.84,11.9,127.08,0
2015-04-28 09:20:17,49,comp3,11.88,25.6,20.5,32.38,27.8,68.23,0
2015-04-28 11:39:50,12,comp3,9.85,30.2,24.18,34.03,33.7,142.3,0
2015-04-28 23:57:08,50,comp2,33.21,4.9,3.92,37.14,8.0,164.41,0
2015-04-29 00:19:11,24,comp4,23.79,24.0,19.2,43.0,26.3,94.32,0
2015-04-29 02:20:07,56,comp2,28.04,10.3,8.22,36.26,11.4,134.33,0
2015-04-29 04:53:00,81,comp3,10.74,19.9,15.89,26.63,21.4,68.82,0
2015-04-29 12:35:06,20,comp1,33.41,17.8,14.24,47.66,20.0,92.82,0
2015-04-29 14:21:00,51,comp1,23.29,27.3,21.85,45.14,30.4,172.4,0
2015-04-29 22:02:49,46,comp2,62.1,6.7,5.37,67.48,9.7,163.46,0
2015-04-30 01:56:00,48,comp4,32.61,18.7,14.93,47.54,21.9,129.31,0
2015-04-30 11:08:59,55,comp4,16.33,4.4,3.56,19.89,7.8,43.02,0
2015-04-30 17:10:33,16,comp3,14.06,9.0,7.16,21.22,10.4,38.27,0
2015-04-30 23:27:47,75,comp3,9.27,9.5,7.63,16.9,13.2,143.45,0
2015-04-30 23:56:45,97,comp4,32.41,11.4,9.14,41.55,14.8,66.29,0
2015-05-01 13:19:08,25,comp3,15.52,12.2,9.73,25.25,15.7,62.71,0
2015-05-01 16:24:04,60,comp4,54.9,6.5,5.2,60.11,7.4,63.04,0
2015-05-01 19:05:34,39,comp3,13.67,21.1,16.92,30.59,22.2,176.79,0
2015-05-02 00:40:14,98,comp3,11.83,12.0,9.64,21.47,14.6,62.35,0
2015-05-02 03:39:08,39,comp4,28.22,21.7,17.38,45.6,23.2,107.46,0
2015-05-02 08:14:05,95,comp1,17.4,15.5,12.43,29.84,19.2,131.78,0
2015-05-02 08:55:50,91,comp3,7.82,20.4,16.34,24.16,23.7,99.08,0
2015-05-02 09:09:42,91,comp3,9.94,22.9,18.34,28.28,24.9,127.37,0
2015-05-02 19:00:31,9,comp1,14.18,9.9,7.95,22.13,10.8,145.3,0
2015-05-02 19:41:04,20,comp4,35.24,12.4,9.91,45.15,15.1,100.85,0
2015-05-02 21:54:21,22,comp2,83.23,29.9,23.91,107.14,30.6,64.52,0
2015-05-03 00:24:21,10,comp4,49.43,20.3,16.22,65.65,24.2,157.2,0
2015-05-03 03:30:44,59,comp3,11.64,7.3,5.84,17.48,9.6,160.69,0
2015-05-03 13:07:12,48,comp1,7.89,10.7,8.55,16.45,12.3,108.07,0
2015-05-03 18:59:06,11,comp1,17.72,13.1,10.45,28.18,15.5,65.73,0
2015-05-03 20:46:50,10,comp1,35.55,12.3,9.81,45.37,16.0,127.28,0
2015-05-03 23:29:45,67,comp3,22.93,21.2,16.99,39.92,23.7,124.31,0
2015-05-04 05:25:52,29,comp4,27.79,12.9,10.32,38.1,15.7,65.73,0
2015-05-04 13:37:05,63,comp2,46.5,11.0,8.8,55.31,11.8,40.65,0
2015-05-05 03:54:32,32,comp4,42.35,10.4,8.28,50.63,13.6,131.3,0
2015-05-05 16:28:47,59,comp4,63.47,8.0,6.38,69.85,9.5,134.23,0
2015-05-05 23:10:56,63,comp4,37.15,24.0,19.23,56.37,27.1,44.89,0
2015-05-06 02:17:59,89,comp4,36.57,22.3,17.83,54.4,24.4,110.64,0
2015-05-06 03:34:49,24,comp2,89.97,18.2,14.58,104.55,22.1,180.21,0
2015-05-06 04:05:47,42,comp4,43.24,11.7,9.38,52.62,12.8,85.75,0
2015-05-06 04:15:17,57,comp3,10.0,30.7,24.58,34.58,31.6,90.92,0
2015-05-06 13:07:48,59,comp2,77.14,5.0,4.03,81.17,7.5,144.43,0
2015-05-06 17:46:07,86,comp2,53.2,23.9,19.11,72.32,27.0,160.49,0
2015-05-06 23:23:27,68,comp1,17.89,6.8,5.47,23.36,8.2,159.51,0
2015-05-07 05:21:05,43,comp4,27.87,13.4,10.72,38.6,16.3,102.02,0
2015-05-07 06:56:52,90,comp4,37.08,5.0,3.97,41.05,5.5,109.67,0
2015-05-07 16:14:42,23,comp2,34.9,7.9,6.32,41.22,9.3,64.79,0
2015-05-07 21:14:34,75,comp2,31.88,7.9,6.31,38.18,8.7,110.52,0
2015-05-07 22:25:25,36,comp4,19.72,23.5,18.83,38.55,24.5,160.97,0
2015-05-08 03:08:52,36,comp2,60.39,27.7,22.17,82.57,29.9,55.54,0
2015-05-08 09:14:24,79,comp3,6.08,3.7,2.98,9.06,5.0,104.68,0
2015-05-08 11:37:23,20,comp3,16.01,12.1,9.69,25.71,13.9,138.28,0
2015-05-08 14:23:49,85,comp3,10.62,7.9,6.3,16.92,9.0,146.1,0
2015-05-08 14:27:11,67,comp3,22.59,9.5,7.59,30.18,12.2,71.01,0
2015-05-09 00:31:23,94,comp2,22.85,3.2,2.56,25.42,5.7,114.24,0
2015-05-09 01:59:34,59,comp3,21.74,7.5,5.96,27.7,8.9,51.89,0
2015-05-09 05:41:14,22,comp2,52.1,28.8,23.04,75.13,31.5,109.27,0
2015-05-09 11:11:54,47,comp2,46.19,14.8,11.82,58.01,17.3,47.42,0
2015-05-09 12:02:17,33,comp4,25.8,14.0,11.18,36.98,14.6,91.79,0
2015-05-09 14:32:25,20,comp1,18.14,17.8,14.22,32.36,21.5,76.19,0
2015-05-09 22:24:53,64,comp3,6.32,3.9,3.14,9.47,7.5,98.97,0
2015-05-10 00:11:34,19,comp3,11.32,16.5,13.22,24.54,18.2,138.69,0
2015-05-10 02:33:53,63,comp4,15.2,19.8,15.84,31.04,21.3,80.71,0
2015-05-10 10:39:33,59,comp3,9.28,31.8,25.46,34.74,33.5,86.13,0
2015-05-10 12:31:50,85,comp2,48.18,3.5,2.83,51.02,4.2,101.47,0
2015-05-10 12:58:20,14,comp3,20.9,13.2,10.55,31.44,13.9,159.23,0
2015-05-11 04:10:51,25,comp2,112.93,5.7,4.56,117.49,7.3,53.75,0
2015-05-11 10:19:33,32,comp3,6.56,17.7,14.15,20.71,20.1,146.95,0
2015-05-11 12:57:15,36,comp3,21.68,12.6,10.1,31.78,15.5,79.94,0
2015-05-12 11:37:09,66,comp2,45.91,16.4,13.12,59.03,18.8,59.41,0
2015-05-12 13:03:17,77,comp3,18.45,18.7,14.99,33.45,21.8,51.46,0
2015-05-12 15:04:17,91,comp1,21.37,13.8,11.08,32.44,14.4,124.99,0
2015-05-12 18:31:46,2,comp4,36.8,9.0,7.2,44.0,12.6,47.47,0
2015-05-12 23:23:43,97,comp3,16.89,6.5,5.16,22.06,9.5,52.07,0
2015-05-12 23:52:00,61,comp1,24.93,16.8,13.44,38.37,19.3,123.61,0
2015-05-13 04:11:16,43,comp3,9.12,15.1,12.09,21.21,18.5,81.8,0
2015-05-13 07:36:34,50,comp4,40.06,12.5,9.99,50.05,15.1,59.75,0
2015-05-13 09:22:51,98,comp3,7.24,5.0,3.96,11.2,8.5,55.0,0
2015-05-13 12:30:18,40,comp2,48.65,13.9,11.12,59.77,17.6,125.83,0
2015-05-14 03:52:33,14,comp4,18.25,13.7,10.93,29.18,15.8,88.69,0
2015-05-14 12:03:04,47,comp1,16.92,6.0,4.81,21.74,8.0,86.86,0
2015-05-15 00:47:17,63,comp2,54.24,10.3,8.22,62.45,12.6,61.3,0
2015-05-15 01:14:39,100,comp4,37.77,15.1,12.05,49.82,17.5,40.83,0
2015-05-15 04:54:18,71,comp2,35.57,13.0,10.43,46.0,16.1,70.12,0
2015-05-15 06:02:14,20,comp4,22.68,14.3,11.45,34.13,15.2,169.13,0
2015-05-15 20:10:25,40,comp2,28.3,10.8,8.61,36.91,12.2,78.09,0
2015-05-16 03:13:55,59,comp2,111.5,28.8,23.01,134.51,30.6,109.82,0
2015-05-16 12:59:53,12,comp2,46.22,26.5,21.19,67.41,29.8,137.62,0
2015-05-16 19:03:09,20,comp4,34.24,19.9,15.9,50.15,23.1,110.38,0
2015-05-16 21:52:00,38,comp3,14.02,9.2,7.35,21.37,12.8,135.38,0
2015-05-17 07:46:31,97,comp2,21.79,4.2,3.4,25.19,6.9,116.43,0
2015-05-17 08:55:08,20,comp1,30.81,13.5,10.77,41.58,15.3,77.77,0
2015-05-17 13:34:48,95,comp1,14.73,3.9,3.09,17.82,5.5,76.57,0
2015-05-17 14:37:46,34,comp1,14.55,19.4,15.53,30.08,20.0,65.41,0
2015-05-17 15:06:42,47,comp4,29.5,2.8,2.21,31.72,6.7,44.96,0
2015-05-17 19:52:09,73,comp4,22.92,26.6,21.25,44.16,28.9,78.37,0
2015-05-18 07:46:22,94,comp1,17.64,2.9,2.3,19.94,3.9,112.94,0
2015-05-18 14:17:33,1,comp2,48.48,8.5,6.78,55.26,12.3,36.12,0
2015-05-18 19:12:30,43,comp3,12.51,11.0,8.83,21.34,13.2,123.31,0
2015-05-19 23:01:25,17,comp3,7.02,16.5,13.21,20.23,18.2,87.38,0
2015-05-20 03:03:36,86,comp4,34.79,21.1,16.85,51.65,24.8,60.04,0
2015-05-20 05:07:13,68,comp3,11.81,10.9,8.72,20.53,13.9,142.46,0
2015-05-20 09:44:30,72,comp4,36.62,25.1,20.12,56.74,27.6,175.86,0
2015-05-21 03:39:19,49,comp3,24.4,13.0,10.41,34.81,16.1,100.79,0
2015-05-21 12:01:40,60,comp4,37.39,13.2,10.58,47.97,16.7,70.67,0
2015-05-21 15:50:13,40,comp4,22.12,17.1,13.69,35.81,18.8,128.94,0
2015-05-21 20:28:44,83,comp2,40.43,15.6,12.51,52.94,19.5,66.19,0
2015-05-22 10:47:24,22,comp3,8.71,4.2,3.4,12.11,5.9,84.05,0
2015-05-22 14:47:54,16,comp3,13.73,17.7,14.13,27.86,21.3,101.43,0
2015-05-22 16:45:11,75,comp1,14.86,17.5,13.98,28.84,20.8,106.95,0
2015-05-23 01:16:14,77,comp1,15.37,23.9,19.15,34.52,24.6,177.1,0
2015-05-23 15:48:35,83,comp2,67.34,15.0,12.01,79.35,17.4,135.21,0
2015-05-23 17:55:02,96,comp1,20.73,24.3,19.4,40.13,27.6,111.37,0
2015-05-24 03:28:02,77,comp3,8.14,16.2,12.97,21.11,19.6,180.31,0
2015-05-24 06:21:08,39,comp3,19.14,6.6,5.29,24.43,8.2,108.27,0
2015-05-24 07:31:11,46,comp4,33.55,13.6,10.9,44.45,14.6,65.3,0
2015-05-24 09:20:32,16,comp1,12.04,4.5,3.58,15.62,7.2,93.87,0
2015-05-24 12:14:31,12,comp4,21.28,9.5,7.63,28.9,10.4,159.57,0
2015-05-24 17:08:41,98,comp2,36.89,7.5,6.0,42.9,9.0,60.4,0
2015-05-24 21:35:22,83,comp4,32.92,2.7,2.2,35.12,6.3,95.64,0
2015-05-24 21:58:15,40,comp1,25.23,10.7,8.55,33.78,14.2,106.47,0
2015-05-25 02:04:40,81,comp1,17.5,23.7,18.94,36.45,26.1,111.05,0
2015-05-25 06:23:07,78,comp4,19.52,3.9,3.13,22.64,5.1,89.94,0
2015-05-25 17:19:13,92,comp4,16.59,10.8,8.67,25.25,12.5,43.33,0
2015-05-26 08:44:18,91,comp2,64.47,15.8,12.62,77.1,18.8,165.23,0
2015-05-26 13:46:19,68,comp1,28.61,24.6,19.64,48.25,25.4,163.16,0
2015-05-26 18:06:51,39,comp2,71.85,26.0,20.81,92.65,28.1,68.22,0
2015-05-27 02:23:09,98,comp3,8.05,20.1,16.09,24.13,23.5,132.18,0
2015-05-27 11:51:09,63,comp3,9.33,5.8,4.64,13.97,9.1,128.19,0
2015-05-28 04:26:10,42,comp3,7.01,10.4,8.31,15.32,12.5,132.28,0
2015-05-28 05:30:14,36,comp2,107.76,15.8,12.65,120.4,19.6,171.7,0
2015-05-28 05:42:44,37,comp2,64.19,8.0,6.4,70.59,10.5,105.38,0
2015-05-28 05:53:24,23,comp4,30.16,22.7,18.15,48.31,24.2,101.61,0
2015-05-28 13:56:39,67,comp1,25.48,29.1,23.28,48.76,30.3,98.89,0
2015-05-28 17:22:48,51,comp1,28.59,6.5,5.17,33.76,9.4,179.55,0
2015-05-28 17:24:29,34,comp2,47.54,10.7,8.52,56.07,13.5,85.97,0
2015-05-28 22:17:10,90,comp2,96.42,27.4,21.91,118.34,30.4,170.79,0
2015-05-28 23:24:54,77,comp3,13.61,23.5,18.76,32.38,26.5,62.86,0
2015-05-29 01:19:54,64,comp4,35.59,6.9,5.51,41.11,8.2,39.67,0
2015-05-29 02:34:22,72,comp2,106.27,4.2,3.4,109.67,6.6,97.22,0
2015-05-29 13:32:50,19,comp4,30.69,12.0,9.58,40.26,14.3,84.51,0
2015-05-29 13:34:16,69,comp2,22.12,9.1,7.25,29.38,12.8,119.67,0
2015-05-29 17:32:49,63,comp4,32.37,23.9,19.1,51.47,25.3,50.29,0
2015-05-29 23:16:50,61,comp4,57.63,22.2,17.77,75.39,26.0,168.09,0
2015-05-30 02:56:19,25,comp4,42.69,16.1,12.84,55.53,18.1,102.97,0
2015-05-30 09:36:03,72,comp3,23.28,17.7,14.2,37.48,21.0,72.37,0
2015-05-30 14:16:53,20,comp1,18.88,25.7,20.53,39.41,26.7,138.64,0
2015-05-30 22:30:53,64,comp2,51.75,3.8,3.0,54.75,6.1,85.95,0
2015-05-31 22:26:30,81,comp3,14.52,4.7,3.74,18.26,6.4,152.28,0
2015-06-01 00:24:42,36,comp2,109.5,12.1,9.67,119.16,14.1,174.89,0
2015-06-01 06:11:13,33,comp1,26.2,24.6,19.72,45.92,27.6,112.56,0
2015-06-01 10:56:20,34,comp3,9.04,18.2,14.59,23.63,21.5,113.27,0
2015-06-01 14:59:40,8,comp2,51.04,16.9,13.51,64.55,18.8,94.9,0
2015-06-03 00:32:05,36,comp3,14.19,14.3,11.41,25.6,15.9,140.51,0
2015-06-03 05:42:05,77,comp3,23.01,10.4,8.31,31.32,10.9,147.68,0
2015-06-03 16:59:29,10,comp2,44.17,14.2,11.34,55.51,17.5,136.88,0
2015-06-04 01:05:14,39,comp2,103.04,25.2,20.19,123.22,26.0,122.12,0
2015-06-04 08:08:36,77,comp3,21.18,23.5,18.79,39.97,25.2,177.87,0
2015-06-04 08:48:47,67,comp4,22.37,6.0,4.78,27.15,8.2,69.79,0
2015-06-04 14:55:49,84,comp3,16.19,14.8,11.8,28.0,16.2,154.44,0
2015-06-04 17:58:19,20,comp1,25.52,10.3,8.22,33.74,13.6,55.8,0
2015-06-04 20:26:04,91,comp4,27.99,14.3,11.46,39.45,15.3,118.09,0
2015-06-05 05:02:04,25,comp2,94.83,24.4,19.5,114.32,25.5,72.39,0
2015-06-05 05:16:21,20,comp3,18.83,7.3,5.81,24.64,11.1,59.01,0
2015-06-05 12:29:07,59,comp4,28.79,31.3,25.08,53.87,34.9,163.68,0
2015-06-05 14:51:50,50,comp4,21.81,8.0,6.43,28.24,9.2,113.53,0
2015-06-05 15:34:51,97,comp3,14.6,2.9,2.35,16.95,3.5,128.94,0
2015-06-05 17:57:59,7,comp3,11.94,16.7,13.39,25.33,19.9,50.45,0
2015-06-05 23:20:38,89,comp3,17.82,15.5,12.43,30.25,17.4,64.65,0
2015-06-06 06:38:36,23,comp3,20.05,23.5,18.82,38.88,25.5,90.08,0
2015-06-06 08:42:08,2,comp3,5.49,9.3,7.41,12.9,11.3,125.95,0
2015-06-06 19:27:39,10,comp2,100.21,12.1,9.7,109.9,14.3,79.55,0
2015-06-06 23:11:04,59,comp1,38.45,24.9,19.92,58.37,26.5,105.51,0
2015-06-07 00:30:16,36,comp3,7.43,10.4,8.34,15.77,14.4,50.76,0
2015-06-07 01:17:30,46,comp1,27.32,22.9,18.3,45.62,26.6,54.7,0
2015-06-07 19:42:42,18,comp1,26.46,16.4,13.15,39.61,20.4,59.47,0
2015-06-07 20:03:12,6,comp1,14.47,16.6,13.31,27.79,17.7,89.36,0
2015-06-07 20:11:04,45,comp1,9.31,4.4,3.49,12.8,5.8,50.25,0
2015-06-08 07:06:05,33,comp1,19.75,8.4,6.73,26.48,11.1,158.07,0
2015-06-08 10:44:55,60,comp3,8.41,6.2,4.94,13.35,9.5,115.57,0
2015-06-08 11:54:56,82,comp3,5.99,5.1,4.07,10.06,7.9,105.32,0
2015-06-08 13:35:35,80,comp2,25.61,3.3,2.6,28.21,7.2,58.14,0
2015-06-08 14:04:48,59,comp1,19.68,23.2,18.55,38.23,24.1,102.15,0
2015-06-08 14:29:52,23,comp2,52.44,12.7,10.15,62.58,16.5,68.86,0
2015-06-08 15:39:35,51,comp1,23.55,25.0,20.0,43.55,27.6,102.76,0
2015-06-09 05:16:39,65,comp2,42.71,12.9,10.28,52.99,13.8,140.88,0
2015-06-09 12:42:05,63,comp2,40.16,6.4,5.15,45.31,10.0,75.72,0
2015-06-09 13:00:50,94,comp2,33.08,13.9,11.1,44.18,17.2,57.77,0
2015-06-09 15:45:03,1,comp4,16.04,2.8,2.24,18.28,3.5,115.98,0
2015-06-09 20:48:37,59,comp1,26.38,20.1,16.06,42.44,23.1,130.01,0
2015-06-09 21:26:41,19,comp3,11.23,23.8,19.0,30.23,26.5,142.71,0
2015-06-10 11:44:47,60,comp3,20.87,25.6,20.47,41.33,29.3,144.92,0
2015-06-10 17:01:19,91,comp4,53.0,16.8,13.42,66.42,17.6,129.06,0
2015-06-10 20:28:20,99,comp2,89.01,20.1,16.04,105.05,23.1,149.63,0
2015-06-10 22:52:12,25,comp2,112.48,5.8,4.61,117.09,9.2,115.42,0
2015-06-11 02:50:56,33,comp3,14.09,3.4,2.71,16.81,5.9,80.38,0
2015-06-11 03:00:14,82,comp1,15.93,7.1,5.64,21.57,10.9,46.81,0
2015-06-11 03:32:37,61,comp2,30.19,13.4,10.74,40.93,16.2,101.44,0
2015-06-11 08:39:02,61,comp3,10.95,29.2,23.38,34.33,32.8,182.11,0
2015-06-11 08:46:10,75,comp4,33.92,23.3,18.62,52.54,27.2,46.31,0
2015-06-11 11:17:48,33,comp3,12.15,25.4,20.34,32.49,28.1,111.45,0
2015-06-11 13:18:16,91,comp1,13.46,22.1,17.65,31.11,23.6,76.25,0
2015-06-11 15:01:22,50,comp4,22.28,18.3,14.68,36.96,21.8,92.87,0
2015-06-12 17:33:41,35,comp2,48.23,18.1,14.49,62.72,21.2,59.08,0
2015-06-12 18:32:40,82,comp1,9.45,13.4,10.73,20.18,16.4,118.8,0
2015-06-12 19:27:33,10,comp4,53.06,21.4,17.09,70.16,25.0,67.87,0
2015-06-13 01:07:20,98,comp2,32.65,5.8,4.6,37.25,8.3,41.74,0
2015-06-13 03:13:52,40,comp4,31.34,12.3,9.83,41.17,16.2,149.87,0
2015-06-13 04:01:17,33,comp3,13.58,4.8,3.84,17.42,6.8,149.45,0
2015-06-13 06:50:37,23,comp3,9.35,8.2,6.53,15.88,10.1,101.8,0
2015-06-13 11:38:12,86,comp2,77.78,24.4,19.54,97.32,25.4,53.56,0
2015-06-13 17:16:08,37,comp1,14.64,12.0,9.57,24.21,15.1,107.05,0
2015-06-14 06:03:25,95,comp1,19.25,9.7,7.75,27.0,13.4,122.35,0
2015-06-14 06:42:55,9,comp3,12.63,29.6,23.69,36.32,32.1,95.42,0
2015-06-14 12:00:44,14,comp4,19.81,6.8,5.45,25.26,7.5,162.52,0
2015-06-14 12:02:20,1,comp4,22.94,13.8,11.04,33.98,16.6,129.62,0
2015-06-14 16:06:14,99,comp4,38.72,24.0,19.19,57.91,25.1,76.51,0
2015-06-14 18:50:45,72,comp2,80.28,20.1,16.07,96.35,22.9,127.72,0
2015-06-15 02:34:56,53,comp2,35.34,11.6,9.32,44.66,15.1,73.1,0
2015-06-15 02:38:59,26,comp1,31.47,5.8,4.61,36.07,9.1,48.9,0
2015-06-15 05:58:58,47,comp2,19.37,18.9,15.16,34.53,22.0,43.66,0
2015-06-15 13:09:29,89,comp3,18.01,9.8,7.81,25.81,12.9,135.21,0
2015-06-15 17:30:43,30,comp2,56.71,17.0,13.6,70.31,20.1,48.05,0
2015-06-15 17:43:43,91,comp1,33.24,8.5,6.79,40.03,11.7,117.06,0
2015-06-16 02:19:51,15,comp3,10.65,18.6,14.91,25.56,21.2,130.05,0
2015-06-16 08:46:20,40,comp1,17.36,17.3,13.88,31.23,18.0,118.04,0
2015-06-16 10:57:38,36,comp2,36.71,4.9,3.88,40.59,8.5,98.73,0
2015-06-16 12:59:01,51,comp4,43.64,24.1,19.25,62.89,24.9,49.61,0
2015-06-16 15:37:03,96,comp1,22.61,11.8,9.47,32.08,12.7,142.24,0
2015-06-16 21:54:09,16,comp2,47.29,13.7,10.95,58.24,16.5,112.45,0
2015-06-16 22:50:52,24,comp1,29.45,18.3,14.67,44.12,20.5,101.21,0
2015-06-16 23:05:07,100,comp2,20.25,6.5,5.21,25.46,9.3,110.87,0
2015-06-17 00:32:32,91,comp4,28.02,25.6,20.5,48.52,26.5,141.65,0
2015-06-17 01:44:54,90,comp1,34.87,14.1,11.25,46.11,14.7,160.58,0
2015-06-17 06:17:30,68,comp4,51.46,13.3,10.61,62.07,17.1,173.43,0
2015-06-17 09:41:17,1,comp2,50.98,2.4,1.94,52.92,6.0,56.07,0
2015-06-17 11:58:59,22,comp2,36.69,5.7,4.58,41.27,7.3,132.55,0
2015-06-17 17:22:51,91,comp2,111.41,7.7,6.13,117.54,11.6,133.77,0
2015-06-17 18:47:56,57,comp2,100.28,18.4,14.68,114.97,21.4,130.64,0
2015-06-18 08:43:51,40,comp2,53.52,24.7,19.75,73.27,26.8,106.72,0
2015-06-18 18:25:40,20,comp4,60.19,26.0,20.78,80.96,26.5,178.16,0
2015-06-19 03:02:03,41,comp3,6.88,5.2,4.14,11.02,9.1,139.82,0
2015-06-19 03:50:54,42,comp4,28.24,12.7,10.18,38.42,15.6,62.5,0
2015-06-19 06:17:08,36,comp2,96.59,19.7,15.73,112.32,20.8,114.71,0
2015-06-19 06:44:33,58,comp2,89.47,9.8,7.85,97.33,12.5,127.8,0
2015-06-19 11:29:08,20,comp2,78.55,4.2,3.35,81.91,6.4,115.27,0
2015-06-20 00:12:30,57,comp3,10.19,26.8,21.41,31.6,30.3,158.79,0
2015-06-20 03:32:16,60,comp4,48.86,26.9,21.55,70.4,30.1,120.48,0
2015-06-20 04:10:34,12,comp2,57.52,7.9,6.34,63.86,11.6,76.66,0
2015-06-20 13:12:24,56,comp4,30.71,18.8,15.03,45.74,22.6,71.57,0
2015-06-20 19:54:35,32,comp2,44.29,24.5,19.64,63.92,25.2,146.76,0
2015-06-21 01:28:00,50,comp2,33.38,29.6,23.64,57.02,32.9,109.48,0
2015-06-21 04:46:11,75,comp4,43.15,5.5,4.4,47.55,6.1,47.86,0
2015-06-21 13:13:11,71,comp2,51.97,12.5,10.0,61.97,15.2,38.92,0
2015-06-21 13:44:38,24,comp2,39.18,13.8,11.01,50.19,17.5,125.26,0
2015-06-21 14:12:19,15,comp4,13.79,6.0,4.81,18.6,7.8,110.58,0
2015-06-21 16:07:13,60,comp2,54.97,17.8,14.27,69.24,21.2,113.32,0
2015-06-21 16:09:01,99,comp4,56.65,22.5,18.01,74.66,25.0,57.87,0
2015-06-21 17:13:40,24,comp4,35.2,28.4,22.68,57.88,29.0,50.8,0
2015-06-21 17:52:36,58,comp1,27.6,5.4,4.31,31.92,7.6,130.86,0
2015-06-21 21:04:59,29,comp2,40.1,15.9,12.75,52.85,18.2,82.32,0
2015-06-21 22:27:31,51,comp4,33.31,16.9,13.53,46.84,18.5,83.07,0
2015-06-22 02:06:44,99,comp4,55.57,7.5,5.97,61.54,8.7,58.17,0
2015-06-22 04:37:47,83,comp3,13.4,6.3,5.07,18.47,7.9,48.01,0
2015-06-22 06:18:02,89,comp1,23.97,6.8,5.47,29.44,8.6,137.03,0
2015-06-22 07:23:01,68,comp2,30.7,12.2,9.73,40.43,14.9,181.05,0
2015-06-22 16:51:56,83,comp4,33.79,13.4,10.7,44.5,17.0,117.74,0
2015-06-23 04:12:57,30,comp4,25.59,16.8,13.43,39.02,20.0,88.88,0
2015-06-23 10:07:24,63,comp4,20.1,4.0,3.2,23.3,6.7,72.4,0
2015-06-24 01:17:22,45,comp3,9.91,20.2,16.16,26.07,23.8,72.02,0
2015-06-24 02:13:40,87,comp1,8.47,14.6,11.7,20.18,16.8,126.16,0
2015-06-24 05:22:52,3,comp4,28.05,14.0,11.17,39.22,17.2,40.12,0
2015-06-24 18:57:15,31,comp3,13.93,15.4,12.33,26.26,18.7,89.55,0
2015-06-24 23:05:56,51,comp2,81.47,23.3,18.64,100.11,26.4,72.52,0
2015-06-25 01:46:45,42,comp3,18.15,16.3,13.02,31.17,18.5,150.53,0
2015-06-25 08:47:48,91,comp4,58.78,21.7,17.36,76.14,24.5,125.55,0
2015-06-25 12:59:45,88,comp1,9.34,11.7,9.32,18.66,14.2,131.18,0
2015-06-26 02:54:58,91,comp2,31.61,12.4,9.91,41.52,15.6,84.97,0
2015-06-26 04:15:58,81,comp1,34.13,7.4,5.95,40.08,9.8,153.08,0
2015-06-26 04:17:06,98,comp2,69.33,4.3,3.41,72.74,5.9,99.07,0
2015-06-26 04:56:03,90,comp3,15.57,21.4,17.13,32.7,23.3,58.05,0
2015-06-26 07:52:43,52,comp2,53.37,11.4,9.11,62.47,14.4,135.35,0
2015-06-26 14:06:17,36,comp2,103.53,22.6,18.07,121.6,23.5,107.5,0
2015-06-26 14:16:23,84,comp3,5.77,13.6,10.87,16.64,15.0,58.97,0
2015-06-26 14:54:46,77,comp2,32.95,8.7,6.96,39.91,9.2,185.3,0
2015-06-26 15:17:05,59,comp2,43.76,7.8,6.24,50.0,10.7,91.2,0
2015-06-26 20:07:09,63,comp3,10.55,18.1,14.48,25.04,18.8,80.18,0
2015-06-26 20:47:10,25,comp1,30.43,11.4,9.09,39.52,15.0,81.17,0
2015-06-27 09:33:30,61,comp3,9.33,9.5,7.59,16.91,11.6,68.57,0
2015-06-27 10:01:06,72,comp4,42.84,7.5,6.03,48.87,8.4,174.99,0
2015-06-27 10:52:42,65,comp4,18.8,3.8,3.04,21.84,5.3,42.75,0
2015-06-27 13:38:30,11,comp2,36.4,7.0,5.57,41.97,10.5,98.91,0
2015-06-27 21:15:56,89,comp4,30.68,4.4,3.51,34.19,5.2,119.87,0
2015-06-27 23:31:50,11,comp2,73.66,21.7,17.34,91.0,24.9,61.35,0
2015-06-28 11:30:27,70,comp2,42.65,16.8,13.43,56.08,18.2,46.12,0
2015-06-28 13:04:52,41,comp2,51.42,6.6,5.28,56.7,8.2,143.65,0
2015-06-29 02:13:43,70,comp3,7.79,2.9,2.36,10.15,3.9,53.26,0
2015-06-29 05:00:21,61,comp2,52.13,25.0,20.02,72.15,26.4,123.1,0
2015-06-29 07:20:29,36,comp3,17.23,20.8,16.63,33.86,21.6,75.49,0
2015-06-29 09:55:53,60,comp3,15.93,16.1,12.86,28.79,19.4,99.96,0
2015-06-29 16:00:22,4,comp1,11.47,18.2,14.53,25.99,22.0,96.2,0
2015-06-30 07:17:13,80,comp4,32.78,9.4,7.54,40.32,11.8,96.29,0
2015-06-30 10:47:19,28,comp2,48.61,14.3,11.41,60.02,16.9,62.75,0
2015-06-30 11:23:48,42,comp2,68.13,20.1,16.11,84.24,22.4,134.56,0
2015-06-30 12:56:15,42,comp4,37.18,12.0,9.59,46.77,12.8,114.29,0
2015-06-30 14:00:14,24,comp3,8.39,5.1,4.06,12.46,5.7,131.66,0
2015-06-30 14:25:51,38,comp1,30.19,9.6,7.64,37.84,10.4,134.42,0
2015-06-30 22:43:45,33,comp4,24.49,9.0,7.21,31.7,9.7,162.98,0
2015-07-01 12:23:30,36,comp1,22.15,14.3,11.41,33.56,15.2,151.67,0
2015-07-01 21:09:53,77,comp1,27.29,6.7,5.4,32.69,9.8,57.53,0
2015-07-02 00:34:54,56,comp2,38.23,11.8,9.44,47.67,15.3,66.46,0
2015-07-02 07:05:47,50,comp4,29.7,18.0,14.4,44.1,21.0,160.62,0
2015-07-02 07:58:10,65,comp1,14.82,8.0,6.39,21.21,9.9,90.78,0
2015-07-02 11:54:06,52,comp4,32.0,6.4,5.15,37.15,10.4,99.74,0
2015-07-02 12:48:51,59,comp4,46.2,25.5,20.44,66.64,29.3,62.68,0
2015-07-02 15:34:38,38,comp2,91.23,10.6,8.48,99.7,14.2,80.47,0
2015-07-02 17:23:07,58,comp4,41.43,14.4,11.55,52.98,17.8,43.3,0
2015-07-02 19:08:56,19,comp4,37.1,23.4,18.7,55.81,25.9,155.83,0
2015-07-03 02:28:58,78,comp4,23.51,15.2,12.14,35.65,15.7,120.87,0
2015-07-03 09:24:26,61,comp4,42.98,12.6,10.11,53.09,13.3,146.72,0
2015-07-03 18:24:53,24,comp2,66.16,4.6,3.71,69.87,7.2,87.56,0
2015-07-03 21:54:32,38,comp3,18.11,6.9,5.52,23.63,10.4,128.43,0
2015-07-04 04:29:49,91,comp2,97.8,14.5,11.59,109.39,16.7,120.34,0
2015-07-04 08:17:11,31,comp3,11.16,7.4,5.95,17.11,8.9,46.6,0
2015-07-04 12:35:30,25,comp4,52.8,20.2,16.16,68.97,21.7,141.06,0
2015-07-04 21:30:33,45,comp1,17.76,18.5,14.8,32.56,20.5,118.99,0
2015-07-05 03:59:27,9,comp4,54.65,24.6,19.71,74.36,27.6,84.38,0
2015-07-05 05:46:24,34,comp4,14.14,19.0,15.17,29.31,21.2,57.86,0
2015-07-05 12:45:31,50,comp1,31.66,28.5,22.83,54.49,30.0,112.6,0
2015-07-05 21:56:23,50,comp3,15.27,8.6,6.91,22.18,9.6,124.44,0
2015-07-06 00:26:05,89,comp4,18.83,21.0,16.83,35.66,24.4,136.75,0
2015-07-07 03:08:50,77,comp4,22.96,28.8,23.06,46.02,30.0,114.53,0
2015-07-07 06:19:51,95,comp4,27.78,9.2,7.34,35.12,11.9,151.99,0
2015-07-07 09:13:19,61,comp3,8.99,4.9,3.94,12.93,7.7,53.53,0
2015-07-07 15:49:32,72,comp2,79.42,18.3,14.64,94.06,20.9,112.88,0
2015-07-08 01:03:28,49,comp4,52.94,18.2,14.59,67.53,18.8,55.27,0
2015-07-08 02:23:20,63,comp2,81.61,15.1,12.04,93.66,16.0,79.79,0
2015-07-08 04:46:17,32,comp1,27.44,11.6,9.28,36.72,15.5,124.81,0
2015-07-08 05:50:29,60,comp1,19.32,14.5,11.57,30.89,16.3,97.88,0
2015-07-08 14:30:12,6,comp4,23.8,7.8,6.24,30.04,10.7,43.73,0
2015-07-08 14:30:41,36,comp3,23.76,30.4,24.31,48.07,31.0,61.22,0
2015-07-08 14:41:42,99,comp2,47.78,27.7,22.12,69.9,29.2,153.48,0
2015-07-09 00:06:22,9,comp2,68.86,17.8,14.2,83.06,20.9,119.95,0
2015-07-09 08:17:41,43,comp1,20.23,4.1,3.25,23.48,5.9,133.36,0
2015-07-09 12:00:00,67,comp1,26.39,19.7,15.75,42.14,20.4,93.34,0
2015-07-09 14:37:42,36,comp3,18.55,6.7,5.34,23.89,9.7,101.52,0
2015-07-09 17:26:48,14,comp2,85.09,18.3,14.64,99.72,21.1,122.28,0
2015-07-09 17:52:32,45,comp1,18.6,3.4,2.71,21.31,7.3,103.38,0
2015-07-10 01:02:41,82,comp3,12.73,5.2,4.13,16.85,8.9,131.6,0
2015-07-10 03:46:43,63,comp2,45.26,24.6,19.66,64.92,27.3,104.9,0
2015-07-10 09:00:39,40,comp4,45.07,5.3,4.26,49.33,6.0,90.98,0
2015-07-10 09:38:12,89,comp2,70.55,3.9,3.1,73.65,5.2,137.53,0
2015-07-10 14:47:11,45,comp2,63.81,12.5,9.96,73.77,16.2,78.78,0
2015-07-10 23:12:59,59,comp3,8.06,7.5,5.98,14.04,9.4,168.88,0
2015-07-10 23:24:36,50,comp3,20.11,7.7,6.16,26.26,9.5,148.09,0
2015-07-11 07:35:39,81,comp4,56.14,5.1,4.08,60.23,7.9,181.2,0
2015-07-11 18:30:18,57,comp1,22.15,29.4,23.51,45.66,32.2,115.54,0
2015-07-11 23:16:13,43,comp4,33.01,17.8,14.23,47.24,20.4,63.86,0
2015-07-11 23:55:45,25,comp3,8.33,23.2,18.53,26.86,24.7,159.59,0
2015-07-12 08:47:51,64,comp1,17.96,23.2,18.58,36.55,26.5,107.53,0
2015-07-12 10:06:21,59,comp3,16.14,24.9,19.92,36.06,26.4,74.91,0
2015-07-12 21:50:01,73,comp1,18.83,27.6,22.09,40.92,30.1,138.73,0
2015-07-13 06:35:41,69,comp1,18.87,10.4,8.33,27.2,12.3,134.38,0
2015-07-13 13:11:46,61,comp1,21.36,4.7,3.76,25.12,7.6,161.87,0
2015-07-13 14:17:32,60,comp1,21.06,20.9,16.72,37.79,24.4,161.15,0
2015-07-14 08:44:19,57,comp4,23.3,8.9,7.16,30.46,12.2,155.81,0
2015-07-14 21:03:58,77,comp3,22.86,14.1,11.24,34.1,17.8,97.81,0
2015-07-15 01:41:34,64,comp4,18.07,18.0,14.42,32.49,19.7,41.82,0
2015-07-15 06:54:18,9,comp3,23.39,11.9,9.55,32.94,13.5,156.42,0
2015-07-15 16:07:01,88,comp3,11.36,12.5,10.0,21.36,16.0,129.21,0
2015-07-16 00:52:24,30,comp1,17.68,10.7,8.54,26.23,14.0,107.39,0
2015-07-16 06:45:13,14,comp2,60.19,7.2,5.78,65.98,10.0,104.27,0
2015-07-16 08:04:39,90,comp4,57.26,30.8,24.6,81.87,31.9,158.7,0
2015-07-16 11:53:46,40,comp1,14.48,5.8,4.65,19.13,8.5,62.33,0
2015-07-17 01:25:39,95,comp2,43.33,9.3,7.44,50.77,12.4,58.97,0
2015-07-17 04:27:29,61,comp4,41.87,23.4,18.74,60.61,25.8,68.91,0
2015-07-17 05:18:16,10,comp4,57.99,6.2,4.94,62.93,9.3,64.53,0
2015-07-17 09:08:54,61,comp3,16.95,18.6,14.89,31.84,19.8,106.58,0
2015-07-17 15:01:51,61,comp3,22.15,22.7,18.16,40.31,25.0,109.82,0
2015-07-17 20:00:18,20,comp3,17.79,25.4,20.35,38.14,26.9,183.03,0
2015-07-18 12:29:13,24,comp3,8.47,25.1,20.1,28.57,26.5,115.82,0
2015-07-18 14:48:30,20,comp1,25.64,25.2,20.19,45.82,29.0,79.45,0
2015-07-18 23:24:49,100,comp3,9.43,8.6,6.9,16.32,9.3,92.4,0
2015-07-19 20:23:04,59,comp2,45.43,8.1,6.49,51.92,11.4,83.75,0
2015-07-20 04:21:39,25,comp4,27.25,31.0,24.79,52.04,31.8,103.5,0
2015-07-20 15:18:53,44,comp3,10.6,6.6,5.3,15.9,7.9,119.53,0
2015-07-21 03:42:58,26,comp3,23.76,11.2,8.92,32.68,12.9,53.07,0
2015-07-21 08:12:19,60,comp4,37.65,18.3,14.66,52.31,22.1,71.41,0
2015-07-21 13:05:36,58,comp3,19.28,15.2,12.19,31.47,15.9,69.17,0
2015-07-21 22:00:31,22,comp2,54.99,14.5,11.6,66.59,17.1,76.2,0
2015-07-22 10:51:59,32,comp2,51.11,19.8,15.86,66.97,22.0,72.95,0
2015-07-22 12:16:39,89,comp2,58.02,15.0,12.0,70.03,17.4,64.5,0
2015-07-22 15:01:55,41,comp1,22.01,19.5,15.61,37.62,23.4,49.76,0
2015-07-22 22:43:44,51,comp3,12.39,28.0,22.41,34.8,30.4,178.84,0
2015-07-23 00:41:17,10,comp4,34.09,16.7,13.35,47.44,17.5,101.22,0
2015-07-23 17:58:12,49,comp3,19.91,20.4,16.32,36.23,22.2,152.1,0
2015-07-24 06:13:09,65,comp4,32.31,20.1,16.09,48.39,21.6,43.99,0
2015-07-24 07:28:21,86,comp3,14.65,12.6,10.12,24.77,15.0,87.6,0
2015-07-25 10:05:04,12,comp2,105.82,6.4,5.12,110.94,8.1,88.33,0
2015-07-26 00:27:25,98,comp4,36.39,11.7,9.34,45.73,15.4,71.36,0
2015-07-26 01:08:53,90,comp2,110.81,8.2,6.54,117.35,10.8,77.17,0
2015-07-26 03:54:09,77,comp3,8.13,26.2,20.95,29.08,29.9,71.03,0
2015-07-26 04:33:03,47,comp2,38.59,11.8,9.48,48.07,13.4,120.42,0
2015-07-26 06:30:28,28,comp3,4.98,18.1,14.45,19.43,20.9,81.19,0
2015-07-26 06:49:44,68,comp3,11.36,19.2,15.39,26.76,19.8,149.59,0
2015-07-26 21:32:44,40,comp2,52.56,4.7,3.77,56.33,7.8,90.64,0
2015-07-27 05:43:13,67,comp1,34.66,24.9,19.89,54.55,28.1,53.1,0
2015-07-27 10:23:35,36,comp1,16.84,6.2,4.96,21.8,8.0,163.29,0
2015-07-27 10:29:59,49,comp4,45.79,16.7,13.33,59.12,19.7,66.78,0
2015-07-28 05:53:34,20,comp4,56.42,15.3,12.26,68.68,18.5,169.38,0
2015-07-28 06:32:43,3,comp2,47.27,21.5,17.24,64.51,24.8,47.1,0
2015-07-28 09:12:59,77,comp3,11.87,22.9,18.35,30.21,24.8,98.29,0
2015-07-28 18:17:51,81,comp2,77.58,19.8,15.82,93.41,22.3,72.74,0
2015-07-28 19:06:57,11,comp3,14.49,3.2,2.6,17.08,6.0,69.4,0
2015-07-29 00:08:06,41,comp3,7.13,4.4,3.49,10.61,6.7,90.62,0
2015-07-29 00:34:45,35,comp1,12.77,9.4,7.49,20.26,10.2,130.22,0
2015-07-29 02:44:10,22,comp2,45.32,13.3,10.64,55.96,16.9,158.27,0
2015-07-29 03:56:05,63,comp1,21.19,20.3,16.26,37.45,22.2,154.81,0
2015-07-29 11:38:40,76,comp1,9.72,5.0,3.97,13.69,7.3,95.44,0
2015-07-29 11:44:59,38,comp4,18.86,16.4,13.15,32.02,18.7,138.0,0
2015-07-29 16:59:34,57,comp3,9.74,26.9,21.51,31.25,27.5,70.79,0
2015-07-29 18:35:01,32,comp3,17.48,20.1,16.1,33.58,23.1,103.91,0
2015-07-29 18:57:32,82,comp3,7.34,13.5,10.81,18.15,14.9,122.99,0
2015-07-29 19:10:22,86,comp1,25.03,28.6,22.88,47.91,32.6,124.44,0
2015-07-29 22:38:41,5,comp4,56.87,13.0,10.4,67.27,14.1,61.98,0
2015-07-30 02:38:05,67,comp4,46.21,15.0,11.98,58.19,17.3,98.64,0
2015-07-30 13:37:32,9,comp3,12.85,8.3,6.62,19.47,10.8,164.23,0
2015-07-30 17:30:08,33,comp3,6.21,24.0,19.17,25.39,25.0,74.76,0
2015-07-30 23:09:30,12,comp4,49.87,24.5,19.63,69.49,26.5,160.08,0
2015-07-31 01:08:07,63,comp4,28.52,5.8,4.65,33.17,7.3,115.9,0
2015-07-31 10:47:22,83,comp2,61.01,18.8,15.05,76.05,22.1,116.75,0
2015-07-31 11:41:21,53,comp1,11.35,7.1,5.66,17.01,9.8,113.78,0
2015-08-01 02:19:19,35,comp4,24.18,17.0,13.64,37.82,20.6,114.2,0
2015-08-01 06:39:50,71,comp2,34.58,15.2,12.12,46.7,15.8,84.47,0
2015-08-01 18:32:12,30,comp4,15.27,8.5,6.82,22.08,10.4,133.87,0
2015-08-01 23:03:08,90,comp2,79.13,30.8,24.67,103.8,31.7,171.51,0
2015-08-02 07:05:53,60,comp2,85.3,10.1,8.05,93.35,12.0,105.23,0
2015-08-02 15:16:19,59,comp1,28.73,5.1,4.06,32.79,8.1,123.04,0
2015-08-02 17:24:13,5,comp2,39.18,6.2,4.99,44.17,9.4,93.88,0
2015-08-02 17:59:32,47,comp4,33.18,4.3,3.48,36.65,5.5,66.23,0
2015-08-02 22:11:30,60,comp3,20.39,13.7,10.92,31.31,17.1,166.1,0
2015-08-03 02:09:46,61,comp3,13.46,28.3,22.61,36.08,29.8,86.05,0
2015-08-03 02:49:00,91,comp4,40.84,26.3,21.0,61.84,29.6,132.8,0
2015-08-03 06:02:03,15,comp2,38.34,19.9,15.9,54.23,23.3,104.48,0
2015-08-03 08:14:35,63,comp2,41.72,16.0,12.79,54.51,17.4,133.91,0
2015-08-03 08:56:26,51,comp1,31.14,17.3,13.84,44.98,21.3,47.49,0
2015-08-03 11:21:22,60,comp3,21.48,13.9,11.14,32.62,16.9,122.29,0
2015-08-03 13:54:25,16,comp2,55.7,3.7,2.96,58.66,6.6,71.19,0
2015-08-03 20:25:05,14,comp4,42.0,7.6,6.08,48.09,10.2,104.82,0
2015-08-03 21:40:45,49,comp1,33.04,5.7,4.54,37.59,8.1,184.11,0
2015-08-04 05:35:27,85,comp3,15.35,6.6,5.28,20.62,9.9,152.89,0
2015-08-04 07:29:55,23,comp4,18.69,21.3,17.03,35.72,24.2,95.81,0
2015-08-04 09:16:04,12,comp4,27.16,13.4,10.74,37.91,15.5,179.97,0
2015-08-04 14:37:02,45,comp3,6.01,15.1,12.12,18.13,16.6,119.14,0
2015-08-04 20:08:10,9,comp3,20.05,6.6,5.31,25.36,10.5,176.4,0
2015-08-04 20:20:52,44,comp3,6.2,6.9,5.51,11.71,8.7,102.27,0
2015-08-05 00:46:12,96,comp1,29.62,7.1,5.71,35.33,10.1,157.33,0
2015-08-05 05:11:26,96,comp2,72.37,19.3,15.44,87.82,20.3,50.65,0
2015-08-05 10:31:48,77,comp1,24.74,5.2,4.19,28.93,8.6,92.12,0
2015-08-05 11:23:54,27,comp4,16.34,3.5,2.77,19.11,5.6,51.91,0
2015-08-05 17:37:03,50,comp1,25.74,22.1,17.72,43.45,25.0,74.88,0
2015-08-06 10:29:33,18,comp4,25.44,4.9,3.94,29.39,8.2,157.32,0
2015-08-06 20:01:51,15,comp1,12.69,20.7,16.53,29.22,24.0,102.18,0
2015-08-06 20:34:45,96,comp3,14.35,26.5,21.19,35.54,29.6,100.31,0
2015-08-07 00:41:45,79,comp4,15.03,14.5,11.63,26.65,17.2,115.59,0
2015-08-07 03:16:06,94,comp2,49.15,11.0,8.8,57.95,12.8,87.73,0
2015-08-07 14:02:42,50,comp3,20.42,25.6,20.49,40.91,27.0,75.03,0
2015-08-07 15:28:51,11,comp4,23.72,5.7,4.59,28.31,7.1,113.05,0
2015-08-08 00:34:38,38,comp4,46.72,21.1,16.91,63.63,23.1,141.78,0
2015-08-08 04:30:52,36,comp1,18.99,4.1,3.31,22.3,8.0,133.56,0
2015-08-08 06:14:53,85,comp3,7.66,24.4,19.5,27.16,26.0,60.94,0
2015-08-08 12:17:48,10,comp3,10.37,12.1,9.66,20.03,15.8,56.18,0
2015-08-08 18:50:26,73,comp4,42.4,13.7,10.98,53.38,15.7,125.43,0
2015-08-08 18:52:25,40,comp4,41.21,18.3,14.65,55.86,19.8,115.0,0
2015-08-08 22:29:42,97,comp3,16.56,15.4,12.29,28.85,19.2,43.27,0
2015-08-09 10:21:19,99,comp1,32.76,13.8,11.02,43.78,17.8,188.35,0
2015-08-09 20:00:38,51,comp1,37.06,20.6,16.5,53.56,21.3,131.55,0
2015-08-10 00:26:43,23,comp4,45.82,10.8,8.63,54.44,12.2,140.87,0
2015-08-10 01:23:39,56,comp4,21.82,14.5,11.59,33.41,16.8,41.34,0
2015-08-10 05:45:34,10,comp1,22.38,8.5,6.82,29.2,12.0,182.82,0
2015-08-10 07:23:01,42,comp2,26.15,7.0,5.62,31.77,10.5,53.55,0
2015-08-11 01:32:25,63,comp2,62.3,15.6,12.49,74.79,18.7,83.5,0
2015-08-11 02:42:21,72,comp3,9.17,22.1,17.69,26.86,23.8,123.45,0
2015-08-11 22:39:58,50,comp1,25.81,11.5,9.21,35.02,14.7,93.18,0
2015-08-11 22:59:59,96,comp1,23.44,22.6,18.07,41.51,24.7,90.95,0
2015-08-12 05:38:07,72,comp1,22.82,4.3,3.43,26.24,7.4,100.33,0
2015-08-12 09:14:39,57,comp1,33.84,17.5,13.96,47.8,20.7,187.68,0
2015-08-12 13:38:30,25,comp4,32.46,19.0,15.16,47.63,22.2,56.45,0
2015-08-12 13:49:22,34,comp4,27.43,7.4,5.94,33.37,8.2,71.1,0
2015-08-12 14:48:52,39,comp4,20.98,27.4,21.93,42.9,28.7,89.7,0
2015-08-13 02:13:37,50,comp4,53.3,29.6,23.67,76.97,31.6,179.77,0
2015-08-13 10:35:27,95,comp2,63.26,21.6,17.31,80.57,24.4,104.09,0
2015-08-13 17:43:57,39,comp1,22.75,15.2,12.13,34.88,16.2,53.35,0
2015-08-13 19:55:00,10,comp3,19.05,13.2,10.57,29.62,16.3,96.63,0
2015-08-13 22:21:05,9,comp2,86.1,10.6,8.45,94.55,13.5,89.54,0
2015-08-14 02:01:09,75,comp2,69.03,18.9,15.1,84.13,19.6,50.02,0
2015-08-14 05:16:39,62,comp1,7.42,6.7,5.39,12.81,10.4,42.29,0
2015-08-14 05:50:59,24,comp2,62.73,11.4,9.15,71.88,14.9,75.76,0
2015-08-14 11:29:18,20,comp1,38.9,5.9,4.74,43.63,7.7,108.69,0
2015-08-14 20:29:27,46,comp1,20.43,4.7,3.73,24.16,7.3,89.91,0
2015-08-15 05:22:57,16,comp1,22.5,12.8,10.27,32.77,15.6,42.25,0
2015-08-15 16:13:12,10,comp2,59.94,26.3,21.08,81.02,30.2,94.11,0
2015-08-15 20:00:52,34,comp3,9.47,21.5,17.23,26.69,22.9,50.13,0
2015-08-15 20:55:47,9,comp3,21.32,15.4,12.29,33.61,18.4,148.46,0
2015-08-16 00:29:41,77,comp1,14.45,10.0,8.02,22.47,12.8,105.51,0
2015-08-16 07:40:03,58,comp1,13.69,7.8,6.27,19.96,9.4,87.48,0
2015-08-16 07:59:39,90,comp1,26.22,23.0,18.4,44.62,26.1,133.32,0
2015-08-16 17:29:11,85,comp2,48.17,13.4,10.71,58.88,14.2,156.32,0
2015-08-16 18:15:02,93,comp2,35.04,4.4,3.49,38.52,6.3,101.61,0
2015-08-16 22:39:21,62,comp3,11.7,9.3,7.41,19.11,12.4,81.01,0
2015-08-17 00:22:56,57,comp4,41.61,4.1,3.26,44.87,4.7,64.05,0
2015-08-17 02:24:31,82,comp2,74.64,13.2,10.57,85.22,15.7,147.83,0
2015-08-17 04:33:54,71,comp4,30.27,10.0,8.02,38.29,13.4,67.7,0
2015-08-17 13:27:06,51,comp4,51.02,19.0,15.2,66.22,22.4,104.44,0
2015-08-17 16:30:25,86,comp1,34.65,23.2,18.55,53.2,25.3,65.89,0
2015-08-17 23:20:53,49,comp2,30.05,12.9,10.33,40.38,15.1,99.1,0
2015-08-18 01:14:14,53,comp1,11.31,14.6,11.65,22.97,17.3,35.39,0
2015-08-18 04:52:49,64,comp1,21.47,11.5,9.17,30.64,15.4,148.24,0
2015-08-18 20:50:25,36,comp3,21.28,24.6,19.68,40.96,25.4,67.76,0
2015-08-18 22:45:07,39,comp3,22.81,20.3,16.24,39.05,22.1,80.05,0
2015-08-19 02:15:49,42,comp4,25.33,15.6,12.49,37.82,16.2,87.62,0
2015-08-19 13:22:06,88,comp1,15.5,5.9,4.75,20.24,7.3,112.87,0
2015-08-19 14:43:17,52,comp3,11.52,7.6,6.06,17.58,10.3,64.52,0
2015-08-19 21:19:12,10,comp3,22.49,22.1,17.65,40.14,22.7,154.74,0
2015-08-20 02:07:45,10,comp2,48.84,25.4,20.29,69.13,27.3,101.92,0
2015-08-20 06:01:04,29,comp2,47.07,14.8,11.86,58.93,18.0,102.84,0
2015-08-20 10:57:05,86,comp1,30.3,12.7,10.18,40.48,14.2,119.0,0
2015-08-20 12:18:17,50,comp4,57.24,19.1,15.26,72.5,21.6,75.03,0
2015-08-20 12:34:02,44,comp3,12.01,8.4,6.69,18.7,10.6,129.6,0
2015-08-20 13:12:30,99,comp2,102.44,27.4,21.93,124.37,31.0,116.94,0
2015-08-20 16:26:49,20,comp2,65.63,10.9,8.75,74.38,13.7,176.43,0
2015-08-20 18:29:34,49,comp4,45.85,18.2,14.6,60.45,20.4,75.22,0
2015-08-21 00:05:44,90,comp3,18.34,29.1,23.29,41.63,31.3,147.44,0
2015-08-21 06:06:20,57,comp4,40.98,7.6,6.05,47.03,11.5,58.21,0
2015-08-21 18:36:14,61,comp2,29.5,5.7,4.59,34.1,8.4,129.48,0
2015-08-22 04:13:39,95,comp2,30.93,8.3,6.63,37.55,9.7,42.54,0
2015-08-22 04:14:30,40,comp3,10.59,20.9,16.74,27.33,22.5,83.51,0
2015-08-23 06:43:17,35,comp4,10.99,13.3,10.67,21.66,16.2,33.35,0
2015-08-23 11:01:08,57,comp4,62.72,31.3,25.06,87.78,35.1,72.3,0
2015-08-23 21:25:21,14,comp3,12.3,5.0,3.99,16.29,6.7,98.47,0
2015-08-24 02:59:12,90,comp1,28.9,19.7,15.78,44.68,22.9,183.61,0
2015-08-24 07:19:45,39,comp2,81.0,28.8,23.04,104.04,31.2,137.18,0
2015-08-24 10:16:33,20,comp1,21.73,25.8,20.66,42.39,29.7,119.88,0
2015-08-24 11:17:24,50,comp4,41.05,12.7,10.17,51.21,14.0,148.95,0
2015-08-24 12:07:05,73,comp1,26.67,6.9,5.5,32.17,8.9,147.63,0
2015-08-24 14:29:44,24,comp1,20.52,22.7,18.13,38.65,24.3,151.1,0
2015-08-24 18:15:21,73,comp2,81.83,25.2,20.16,101.99,28.9,130.5,0
2015-08-24 18:21:30,99,comp4,50.48,7.5,6.02,56.5,8.7,163.88,0
2015-08-24 19:57:24,39,comp4,48.77,20.0,16.02,64.79,20.9,154.43,0
2015-08-25 05:44:34,89,comp3,7.77,4.3,3.48,11.25,8.1,44.74,0
2015-08-25 11:05:42,60,comp4,44.1,15.5,12.4,56.51,17.7,140.25,0
2015-08-25 12:14:38,96,comp2,84.26,22.4,17.89,102.15,25.9,91.4,0
2015-08-25 16:52:30,69,comp1,22.97,3.9,3.1,26.07,6.5,73.06,0
2015-08-25 18:10:18,51,comp1,31.52,19.8,15.8,47.32,21.4,109.1,0
2015-08-25 22:22:41,79,comp4,12.28,10.2,8.13,20.41,13.8,105.13,0
2015-08-26 00:42:13,42,comp3,10.86,3.2,2.53,13.38,6.4,130.2,0
2015-08-26 09:29:10,25,comp1,20.13,18.2,14.55,34.68,19.7,148.27,0
2015-08-26 13:14:59,12,comp2,105.66,18.7,14.98,120.65,20.3,139.1,0
2015-08-26 22:20:00,29,comp2,17.12,7.0,5.57,22.7,7.7,71.38,0
2015-08-27 06:55:02,96,comp1,14.01,15.6,12.51,26.51,18.6,153.57,0
2015-08-27 21:12:40,88,comp4,14.59,10.5,8.38,22.98,12.6,127.19,0
2015-08-28 01:00:53,23,comp4,31.5,23.5,18.82,50.32,24.1,64.84,0
2015-08-28 02:17:40,82,comp2,73.75,19.2,15.35,89.09,22.5,51.64,0
2015-08-28 04:43:09,41,comp2,59.2,11.3,9.07,68.27,12.9,100.16,0
2015-08-28 19:08:21,67,comp1,21.3,6.0,4.79,26.09,9.1,97.87,0
2015-08-28 22:40:09,99,comp1,32.11,20.3,16.22,48.32,22.8,112.58,0
2015-08-29 11:55:44,25,comp3,13.88,9.3,7.43,21.31,13.1,165.02,0
2015-08-29 13:03:14,10,comp3,12.24,6.9,5.53,17.77,7.9,80.0,0
2015-08-29 16:07:09,69,comp3,13.17,4.4,3.5,16.67,6.8,74.09,0
2015-08-30 00:59:04,18,comp1,26.02,6.0,4.83,30.85,9.9,109.2,0
2015-08-30 03:07:30,73,comp4,21.67,20.3,16.21,37.89,23.8,124.04,0
2015-08-30 04:23:39,51,comp4,36.88,12.6,10.11,46.98,13.4,63.67,0
2015-08-30 05:37:25,11,comp1,19.62,18.2,14.6,34.22,19.7,94.37,0
2015-08-30 07:16:05,38,comp4,30.56,6.4,5.1,35.66,7.5,121.64,0
2015-08-30 10:53:09,96,comp4,53.88,12.4,9.94,63.82,14.8,64.79,0
2015-08-30 15:51:18,36,comp3,15.77,29.3,23.46,39.23,30.8,81.88,0
2015-08-30 19:22:05,60,comp1,22.49,6.4,5.13,27.62,10.4,124.2,0
2015-08-31 00:13:45,22,comp3,11.14,23.6,18.87,30.01,24.3,65.89,0
2015-08-31 17:57:46,53,comp2,59.67,19.1,15.26,74.93,21.1,107.81,0
2015-08-31 21:13:55,60,comp2,29.59,28.3,22.6,52.2,32.0,115.06,0
2015-08-31 22:13:21,51,comp2,43.84,9.9,7.92,51.75,11.5,185.91,0
2015-09-01 09:43:07,32,comp1,28.32,14.4,11.49,39.81,17.9,127.94,0
2015-09-01 10:11:30,67,comp2,73.1,20.8,16.6,89.7,23.5,137.46,0
2015-09-01 14:19:22,39,comp1,13.43,19.1,15.3,28.73,23.0,78.96,0
2015-09-01 23:41:48,74,comp3,11.07,5.5,4.39,15.47,6.8,71.48,0
2015-09-02 10:51:33,50,comp3,15.89,26.2,20.99,36.88,27.9,129.41,0
2015-09-02 13:50:19,25,comp1,21.45,7.9,6.28,27.73,11.8,114.9,0
2015-09-02 16:13:59,60,comp2,53.17,25.6,20.45,73.62,26.4,123.6,0
2015-09-03 02:50:49,67,comp4,33.68,17.6,14.1,47.79,18.7,81.53,0
2015-09-03 19:26:10,25,comp3,24.24,14.6,11.69,35.93,18.2,101.27,0
2015-09-03 20:42:09,90,comp3,13.57,30.7,24.57,38.14,34.6,64.09,0
2015-09-04 02:57:28,68,comp4,28.51,19.4,15.53,44.03,22.4,76.69,0
2015-09-04 07:31:34,14,comp3,9.3,17.1,13.68,22.98,18.8,97.19,0
2015-09-04 07:57:34,14,comp1,29.6,24.0,19.18,48.77,26.4,102.99,0
2015-09-04 18:23:37,80,comp4,29.5,8.3,6.65,36.15,9.5,90.18,0
2015-09-05 05:42:31,73,comp1,20.32,17.2,13.77,34.09,20.7,157.89,0
2015-09-05 17:22:33,49,comp1,13.27,9.9,7.94,21.21,13.3,55.29,0
2015-09-05 17:42:07,70,comp1,15.47,9.1,7.26,22.73,11.3,34.95,0
2015-09-06 08:30:21,84,comp4,36.0,16.3,13.03,49.03,18.8,53.58,0
2015-09-07 03:02:35,20,comp3,13.24,17.3,13.88,27.12,20.4,130.44,0
2015-09-07 05:07:08,84,comp1,11.31,7.4,5.95,17.26,9.2,42.2,0
2015-09-07 14:23:25,96,comp4,35.55,16.7,13.39,48.94,17.5,137.64,0
2015-09-07 14:51:39,36,comp4,22.61,9.7,7.78,30.39,10.6,111.03,0
2015-09-07 20:22:11,89,comp1,19.7,3.5,2.84,22.54,5.9,98.98,0
2015-09-08 10:13:17,83,comp4,38.71,5.0,3.99,42.7,7.5,71.02,0
2015-09-08 20:15:04,45,comp1,16.78,4.6,3.65,20.42,5.8,40.98,0
2015-09-08 22:49:54,2,comp2,54.35,18.0,14.44,68.78,21.2,107.89,0
2015-09-09 11:32:26,40,comp4,37.66,24.2,19.34,57.0,26.8,79.21,0
2015-09-09 13:05:30,61,comp1,19.93,18.6,14.92,34.85,21.7,137.91,0
2015-09-10 03:21:00,80,comp2,38.33,15.6,12.46,50.79,18.1,72.63,0
2015-09-10 08:54:59,67,comp3,10.72,11.5,9.19,19.9,13.2,55.43,0
2015-09-10 11:46:55,38,comp1,30.52,9.6,7.67,38.19,12.1,58.09,0
2015-09-10 14:42:09,41,comp3,10.88,4.9,3.95,14.83,6.3,73.62,0
2015-09-11 00:30:30,58,comp2,34.82,26.2,20.93,55.75,26.7,59.44,0
2015-09-11 02:47:37,38,comp3,10.8,18.2,14.55,25.35,19.9,64.26,0
2015-09-11 05:15:27,64,comp1,17.22,17.1,13.65,30.88,20.4,105.57,0
2015-09-11 06:25:51,5,comp1,20.06,21.3,17.02,37.08,22.5,120.77,0
2015-09-11 18:38:47,2,comp2,25.69,13.2,10.58,36.27,16.0,66.35,0
2015-09-11 23:30:03,12,comp4,29.49,11.6,9.3,38.79,13.4,64.9,0
2015-09-12 06:17:55,24,comp3,22.73,5.1,4.07,26.79,5.7,53.81,0
2015-09-12 06:22:01,90,comp2,76.29,23.2,18.59,94.88,26.8,55.18,0
2015-09-12 07:00:15,65,comp2,51.98,11.0,8.78,60.76,14.1,125.28,0
2015-09-12 08:18:52,82,comp4,29.14,12.4,9.95,39.09,14.4,88.31,0
2015-09-13 01:13:33,95,comp2,29.0,10.6,8.46,37.46,12.7,57.17,0
2015-09-13 06:53:45,97,comp4,31.1,6.6,5.26,36.36,7.4,150.3,0
2015-09-13 07:09:43,10,comp3,24.0,8.4,6.68,30.68,9.5,113.23,0
2015-09-13 09:50:20,59,comp2,86.78,9.2,7.37,94.16,12.1,90.57,0
2015-09-13 21:25:18,89,comp4,27.41,4.8,3.82,31.23,8.6,145.0,0
2015-09-13 22:09:51,1,comp1,17.59,6.2,4.93,22.51,8.3,116.68,0
2015-09-14 00:01:02,74,comp1,11.18,5.1,4.12,15.3,7.2,108.48,0
2015-09-14 07:57:18,20,comp4,46.41,15.4,12.3,58.71,18.6,101.44,0
2015-09-14 11:38:11,51,comp2,61.0,16.6,13.27,74.27,19.2,107.97,0
2015-09-14 17:30:13,86,comp4,40.76,6.1,4.88,45.64,9.2,138.6,0
2015-09-14 18:40:21,53,comp3,12.18,12.2,9.73,21.91,13.1,36.17,0
2015-09-14 21:49:32,40,comp3,17.89,11.7,9.37,27.26,14.4,136.72,0
2015-09-15 01:05:15,9,comp3,21.47,20.9,16.71,38.18,21.9,55.08,0
2015-09-15 01:42:56,99,comp4,21.62,21.2,16.96,38.58,23.2,98.23,0
2015-09-15 07:43:34,59,comp4,40.81,6.9,5.51,46.32,10.3,145.52,0
2015-09-15 09:27:08,84,comp1,15.1,7.6,6.08,21.17,8.5,154.25,0
2015-09-15 11:36:20,36,comp3,23.59,25.4,20.35,43.94,27.6,148.67,0
2015-09-15 15:13:09,22,comp1,14.11,12.2,9.77,23.88,15.3,61.47,0
2015-09-15 15:13:51,12,comp2,90.85,22.5,18.01,108.86,25.7,57.31,0
2015-09-15 18:01:41,64,comp4,23.05,8.5,6.76,29.82,9.3,103.99,0
2015-09-15 19:33:58,25,comp2,87.8,11.2,8.92,96.73,13.9,184.6,0
2015-09-15 20:33:21,46,comp3,16.99,23.4,18.76,35.75,26.7,140.21,0
2015-09-15 23:08:38,22,comp4,55.99,25.6,20.47,76.45,28.4,140.05,0
2015-09-16 05:35:29,23,comp2,57.03,6.7,5.39,62.42,8.4,89.69,0
2015-09-16 07:15:16,91,comp1,24.98,26.8,21.47,46.44,30.8,84.58,0
2015-09-16 23:24:21,70,comp4,18.24,2.9,2.33,20.57,6.6,54.95,0
2015-09-16 23:53:32,23,comp2,84.05,11.1,8.9,92.94,12.9,58.67,0
2015-09-17 00:16:11,17,comp2,18.98,4.6,3.66,22.64,6.1,88.29,0
2015-09-17 06:16:31,28,comp1,17.77,19.0,15.17,32.93,21.0,37.27,0
2015-09-17 08:56:10,12,comp2,35.5,29.7,23.8,59.3,30.8,158.76,0
2015-09-17 11:58:04,42,comp1,16.0,6.3,5.03,21.04,8.1,153.43,0
2015-09-17 18:21:14,36,comp3,14.05,12.2,9.74,23.79,12.9,163.39,0
2015-09-17 23:48:31,38,comp3,10.6,21.9,17.54,28.14,25.0,55.69,0
2015-09-18 02:17:54,10,comp2,95.84,16.8,13.46,109.3,19.3,63.42,0
2015-09-18 03:59:13,19,comp1,9.87,20.6,16.52,26.39,22.4,150.95,0
2015-09-18 04:58:34,94,comp3,11.46,18.2,14.59,26.05,19.5,98.97,0
2015-09-18 06:05:49,59,comp2,96.67,20.0,16.03,112.7,20.9,119.49,0
2015-09-18 10:42:38,22,comp4,24.59,16.4,13.16,37.75,18.0,134.31,0
2015-09-18 20:36:23,10,comp4,44.64,21.9,17.49,62.13,25.2,168.36,0
2015-09-19 02:07:06,57,comp1,30.53,28.0,22.42,52.94,31.3,153.33,0
2015-09-19 02:40:13,77,comp2,92.55,11.7,9.39,101.95,12.6,188.29,0
2015-09-19 06:54:36,25,comp3,15.02,8.8,7.06,22.08,9.3,175.67,0
2015-09-19 07:12:54,77,comp3,19.21,27.8,22.25,41.46,28.6,157.93,0
2015-09-19 12:12:44,2,comp2,26.87,7.1,5.71,32.58,10.5,129.24,0
2015-09-19 17:50:37,99,comp4,49.81,9.3,7.45,57.26,10.0,139.21,0
2015-09-19 20:54:58,57,comp4,25.44,7.9,6.36,31.79,8.6,146.38,0
2015-09-19 21:28:02,67,comp4,29.87,8.5,6.82,36.69,10.4,91.38,0
2015-09-19 21:55:17,77,comp1,31.62,9.2,7.4,39.02,12.1,143.79,0
2015-09-20 01:55:57,78,comp4,26.95,9.6,7.71,34.66,10.3,92.32,0
2015-09-20 03:14:20,96,comp3,12.13,9.6,7.65,19.77,11.5,95.05,0
2015-09-20 05:26:13,10,comp3,13.36,18.8,15.03,28.39,22.6,102.06,0
2015-09-20 09:18:08,24,comp1,13.33,25.8,20.65,33.98,28.9,66.21,0
2015-09-20 15:47:38,77,comp4,47.64,6.1,4.89,52.53,6.9,136.54,0
2015-09-21 01:03:38,23,comp3,19.87,7.6,6.09,25.96,9.5,115.25,0
2015-09-21 01:20:03,39,comp1,16.53,27.7,22.14,38.67,28.5,156.24,0
2015-09-21 03:47:28,71,comp4,18.99,20.6,16.46,35.45,22.8,43.09,0
2015-09-21 05:13:21,73,comp4,38.62,23.9,19.13,57.75,27.7,79.58,0
2015-09-21 09:26:56,100,comp1,16.37,11.6,9.29,25.66,13.3,105.11,0
2015-09-21 18:03:40,36,comp4,56.65,21.8,17.4,74.05,25.1,150.17,0
2015-09-21 21:34:04,20,comp2,110.59,19.1,15.25,125.84,20.0,171.61,0
2015-09-22 10:01:45,74,comp4,19.12,10.2,8.18,27.3,11.8,116.79,0
2015-09-22 18:50:24,69,comp3,8.0,22.8,18.22,26.22,23.8,72.48,0
2015-09-22 21:19:20,17,comp3,4.72,11.7,9.32,14.04,15.5,131.68,0
2015-09-23 07:16:32,69,comp3,5.87,14.9,11.9,17.77,16.9,80.07,0
2015-09-23 19:03:58,67,comp1,16.5,19.8,15.81,32.3,20.5,102.61,0
2015-09-24 07:00:11,83,comp2,37.56,19.6,15.69,53.25,21.3,90.62,0
2015-09-24 08:06:52,73,comp4,21.96,11.0,8.79,30.75,13.0,111.25,0
2015-09-24 10:53:31,89,comp4,22.81,22.7,18.13,40.94,24.4,94.76,0
2015-09-24 14:11:14,50,comp4,60.22,22.7,18.19,78.41,23.3,60.58,0
2015-09-24 17:38:09,91,comp4,33.71,28.8,23.02,56.72,30.8,146.38,0
2015-09-24 17:58:21,22,comp2,86.53,21.6,17.29,103.82,23.6,116.92,0
2015-09-24 22:53:30,52,comp2,72.35,15.7,12.55,84.9,17.6,46.95,0
2015-09-24 23:56:15,14,comp1,18.2,19.8,15.8,34.0,22.3,125.68,0
2015-09-25 01:06:19,26,comp1,34.44,12.6,10.07,44.5,15.3,125.85,0
2015-09-25 10:56:38,56,comp1,9.98,17.4,13.96,23.94,18.2,119.7,0
2015-09-26 00:47:26,49,comp2,61.93,4.6,3.7,65.62,5.4,79.33,0
2015-09-26 01:52:55,83,comp2,35.73,4.2,3.34,39.07,7.9,119.74,0
2015-09-26 02:11:17,72,comp3,20.14,6.1,4.86,25.0,6.6,76.96,0
2015-09-26 04:56:44,45,comp1,9.26,3.3,2.65,11.9,6.5,88.95,0
2015-09-26 04:59:34,39,comp1,28.74,18.9,15.14,43.89,22.8,99.13,0
2015-09-26 08:46:10,15,comp4,16.62,14.9,11.89,28.51,18.7,90.82,0
2015-09-26 15:55:25,46,comp4,51.0,7.2,5.74,56.73,9.4,100.66,0
2015-09-27 07:37:11,97,comp1,21.3,8.5,6.8,28.09,9.3,91.56,0
2015-09-27 09:30:26,59,comp3,10.92,26.3,21.03,31.95,28.2,137.43,0
2015-09-27 12:33:34,68,comp3,7.77,8.4,6.71,14.48,12.3,117.68,0
2015-09-28 02:44:38,34,comp1,11.42,9.5,7.59,19.01,10.7,107.22,0
2015-09-28 06:22:04,26,comp4,44.06,5.1,4.09,48.14,9.0,63.13,0
2015-09-28 10:29:31,25,comp1,38.76,22.2,17.73,56.49,25.0,139.68,0
2015-09-28 11:42:04,82,comp1,15.89,7.4,5.93,21.82,11.1,69.44,0
2015-09-28 12:42:12,9,comp1,15.87,25.9,20.74,36.61,29.1,177.58,0
2015-09-28 18:18:35,39,comp3,7.35,23.6,18.88,26.24,26.3,112.94,0
2015-09-28 18:27:12,23,comp2,87.55,15.6,12.51,100.06,17.3,82.1,0
2015-09-28 20:24:04,49,comp1,30.64,11.6,9.3,39.94,12.3,77.63,0
2015-09-28 21:09:23,63,comp2,70.16,13.4,10.69,80.85,16.8,156.13,0
2015-09-29 04:09:43,60,comp3,20.52,11.7,9.33,29.85,15.6,168.76,0
2015-09-29 13:45:12,72,comp3,19.96,20.0,15.97,35.94,23.2,128.4,0
2015-09-29 17:59:26,56,comp2,45.57,8.9,7.14,52.7,11.3,134.82,0
2015-09-30 06:30:46,80,comp3,11.68,13.8,11.02,22.7,15.4,116.65,0
2015-09-30 07:30:22,44,comp2,59.08,19.5,15.59,74.67,20.0,98.2,0
2015-09-30 08:23:11,19,comp1,16.8,7.7,6.14,22.94,11.1,138.09,0
2015-09-30 13:03:29,90,comp3,12.23,16.8,13.41,25.64,20.2,164.48,0
2015-09-30 21:37:38,97,comp1,9.75,13.1,10.46,20.2,14.0,69.26,0
2015-10-01 00:19:08,52,comp2,50.06,11.7,9.34,59.4,15.4,139.16,0
2015-10-01 05:28:02,12,comp1,12.66,23.2,18.6,31.26,25.3,106.8,0
2015-10-01 08:44:16,68,comp2,59.34,6.9,5.56,64.9,10.6,85.56,0
2015-10-01 21:12:00,64,comp2,78.79,5.7,4.59,83.39,9.4,77.03,0
2015-10-01 22:54:46,61,comp4,23.97,8.6,6.87,30.83,9.3,51.14,0
2015-10-02 01:17:50,15,comp1,13.36,8.9,7.13,20.49,9.7,119.21,0
2015-10-02 08:18:13,33,comp1,14.1,17.2,13.73,27.83,18.5,58.75,0
2015-10-02 13:18:21,52,comp2,75.24,21.4,17.1,92.34,21.9,63.93,0
2015-10-02 16:35:39,41,comp4,18.41,20.7,16.55,34.96,24.6,58.52,0
2015-10-02 23:12:38,49,comp4,22.5,8.5,6.81,29.3,12.0,139.77,0
2015-10-03 06:21:27,21,comp4,23.96,15.3,12.24,36.2,17.7,65.88,0
2015-10-03 15:39:19,60,comp4,53.49,21.9,17.52,71.01,22.8,171.9,0
2015-10-04 10:51:07,45,comp4,16.31,5.3,4.25,20.57,6.5,45.14,0
2015-10-04 13:44:42,90,comp2,94.74,11.4,9.13,103.88,12.1,106.29,0
2015-10-04 16:03:41,89,comp2,55.14,15.1,12.11,67.25,17.4,46.97,0
2015-10-05 02:43:12,32,comp3,6.01,22.4,17.92,23.93,24.9,85.7,0
2015-10-05 16:25:12,39,comp3,16.7,27.0,21.56,38.26,28.3,165.44,0
2015-10-06 03:23:29,10,comp2,36.59,19.7,15.74,52.33,23.6,172.07,0
2015-10-06 07:13:37,61,comp4,52.17,25.9,20.74,72.9,27.4,69.5,0
2015-10-06 16:37:49,14,comp3,9.56,8.2,6.59,16.15,9.5,86.67,0
2015-10-06 23:28:09,25,comp4,31.78,4.4,3.48,35.26,8.3,87.53,0
2015-10-06 23:34:28,39,comp3,24.34,7.5,5.96,30.3,8.2,91.86,0
2015-10-07 00:03:01,9,comp4,53.02,27.0,21.63,74.65,28.7,46.76,0
2015-10-07 02:55:54,67,comp1,20.8,18.0,14.41,35.21,21.3,92.25,0
2015-10-07 09:34:24,22,comp2,108.97,9.3,7.42,116.38,10.9,56.63,0
2015-10-07 12:35:45,22,comp1,16.49,12.5,9.98,26.47,14.7,122.76,0
2015-10-07 15:34:56,45,comp4,31.57,21.3,17.04,48.61,22.5,98.17,0
2015-10-07 22:42:53,91,comp2,58.21,26.1,20.86,79.07,27.6,142.45,0
2015-10-08 00:46:21,95,comp4,27.43,3.7,3.0,30.42,4.3,105.14,0
2015-10-08 02:51:26,48,comp4,24.68,5.2,4.13,28.81,6.3,88.13,0
2015-10-08 05:45:42,98,comp4,37.2,17.6,14.12,51.32,19.8,61.71,0
2015-10-08 13:39:52,65,comp2,28.82,11.6,9.26,38.08,12.5,140.2,0
2015-10-09 05:51:34,36,comp2,82.62,14.7,11.73,94.35,17.9,99.96,0
2015-10-09 06:11:20,77,comp3,12.0,9.3,7.46,19.46,10.4,90.12,0
2015-10-09 09:37:18,49,comp2,100.67,7.5,5.99,106.66,10.3,165.21,0
2015-10-10 04:23:41,82,comp3,14.13,16.6,13.3,27.43,20.0,96.5,0
2015-10-10 10:23:45,88,comp2,58.93,2.9,2.36,61.29,6.8,40.65,0
2015-10-10 19:26:33,2,comp4,16.66,18.4,14.68,31.34,20.1,131.93,0
2015-10-10 22:31:55,20,comp4,25.47,14.9,11.91,37.38,15.4,75.07,0
2015-10-11 03:28:46,2,comp1,21.4,15.9,12.69,34.08,16.5,134.4,0
2015-10-11 08:28:53,91,comp1,14.18,4.6,3.66,17.84,8.3,52.52,0
2015-10-11 16:48:10,9,comp4,20.83,25.4,20.33,41.17,29.0,114.61,0
2015-10-11 21:39:29,42,comp3,16.21,15.6,12.51,28.72,18.1,107.98,0
2015-10-12 10:05:16,75,comp4,37.97,5.4,4.34,42.3,6.9,41.41,0
2015-10-12 23:28:04,41,comp2,21.56,13.6,10.89,32.45,17.2,75.24,0
2015-10-13 06:21:08,57,comp1,14.89,15.7,12.52,27.41,17.3,120.54,0
2015-10-13 07:17:08,35,comp3,8.45,17.8,14.21,22.66,19.0,77.58,0
2015-10-13 11:13:58,19,comp3,10.31,16.4,13.11,23.42,19.5,64.96,0
2015-10-13 17:34:03,9,comp2,64.01,27.3,21.84,85.86,29.9,175.72,0
2015-10-13 19:39:28,24,comp1,21.43,22.9,18.35,39.78,24.4,56.13,0
2015-10-14 01:16:42,19,comp3,16.41,10.7,8.56,24.96,11.8,76.36,0
2015-10-14 05:41:21,22,comp3,13.74,19.4,15.52,29.26,20.1,133.8,0
2015-10-14 20:17:39,49,comp2,38.04,13.4,10.74,48.78,15.2,148.74,0
2015-10-15 10:07:56,51,comp3,22.55,22.3,17.84,40.39,23.3,153.68,0
2015-10-15 20:46:22,15,comp2,32.17,14.5,11.58,43.75,15.8,78.14,0
2015-10-16 01:18:48,86,comp1,32.53,5.4,4.29,36.82,7.8,131.33,0
2015-10-16 03:28:33,22,comp4,36.83,9.4,7.49,44.32,9.9,122.72,0
2015-10-16 06:26:55,82,comp2,74.47,14.6,11.66,86.13,17.4,144.14,0
2015-10-16 07:49:30,14,comp1,25.08,15.2,12.18,37.26,17.2,52.25,0
2015-10-16 14:34:04,82,comp4,15.65,16.4,13.11,28.76,17.9,115.85,0
2015-10-17 04:48:59,73,comp2,75.04,25.0,19.98,95.02,26.7,129.1,0
2015-10-17 09:30:28,73,comp4,20.38,24.0,19.17,39.55,26.2,67.67,0
2015-10-17 14:06:14,86,comp1,29.26,5.2,4.14,33.39,7.0,48.92,0
2015-10-17 16:37:19,47,comp2,22.3,14.3,11.45,33.75,17.6,130.86,0
2015-10-17 18:15:56,98,comp3,5.88,11.9,9.53,15.41,14.1,105.62,0
2015-10-17 19:57:02,61,comp2,31.5,23.5,18.77,50.28,24.2,183.8,0
2015-10-17 22:26:14,77,comp3,9.68,30.9,24.72,34.4,34.5,48.84,0
2015-10-18 00:22:01,67,comp2,87.2,11.9,9.53,96.74,13.3,117.35,0
2015-10-18 07:01:35,75,comp2,62.63,14.4,11.55,74.18,16.1,66.88,0
2015-10-18 07:21:03,35,comp2,48.17,6.5,5.21,53.38,7.7,92.26,0
2015-10-18 11:10:20,39,comp1,31.18,17.3,13.88,45.06,20.6,115.86,0
2015-10-18 11:38:15,9,comp3,17.78,4.9,3.94,21.71,7.2,175.68,0
2015-10-18 13:07:10,23,comp4,30.57,23.8,19.02,49.59,26.5,79.05,0
2015-10-18 21:17:38,77,comp1,30.37,20.1,16.07,46.44,21.7,131.94,0
2015-10-18 21:24:43,38,comp1,11.87,12.1,9.71,21.58,14.2,80.72,0
2015-10-19 01:38:15,18,comp3,8.23,5.3,4.27,12.51,6.6,123.34,0
2015-10-19 09:09:21,95,comp2,37.78,18.5,14.79,52.57,20.4,50.16,0
2015-10-19 10:56:45,42,comp4,39.0,9.8,7.8,46.81,10.3,119.47,0
2015-10-19 15:29:46,26,comp4,39.0,14.6,11.71,50.7,16.9,86.54,0
2015-10-19 17:06:53,25,comp3,18.53,15.0,12.03,30.56,18.6,150.04,0
2015-10-19 23:04:03,31,comp3,12.89,6.7,5.38,18.27,7.5,110.93,0
2015-10-19 23:53:05,11,comp1,19.28,6.7,5.33,24.61,9.6,67.91,0
2015-10-20 01:14:22,37,comp1,18.75,11.4,9.14,27.89,12.9,128.73,0
2015-10-20 14:53:49,34,comp2,43.97,21.3,17.02,60.99,24.1,65.37,0
2015-10-20 21:12:04,77,comp2,74.44,27.7,22.15,96.59,30.0,174.57,0
2015-10-20 21:57:46,38,comp2,67.63,6.2,4.99,72.63,10.1,146.04,0
2015-10-20 23:51:07,99,comp2,44.74,18.9,15.1,59.84,20.1,61.53,0
2015-10-21 07:26:25,29,comp3,9.54,14.8,11.81,21.36,16.2,97.69,0
2015-10-21 10:29:27,73,comp2,64.04,22.0,17.56,81.6,23.3,73.08,0
2015-10-21 16:56:11,58,comp1,17.57,21.0,16.81,34.37,22.5,136.55,0
2015-10-21 18:33:40,60,comp1,32.59,25.1,20.06,52.65,27.0,141.57,0
2015-10-22 10:36:24,45,comp1,9.81,19.6,15.68,25.5,23.2,82.38,0
2015-10-22 22:08:16,67,comp2,58.68,25.2,20.17,78.85,27.9,124.07,0
2015-10-23 03:37:30,60,comp4,43.53,12.8,10.26,53.79,15.4,126.11,0
2015-10-23 05:39:04,49,comp4,47.02,16.4,13.11,60.14,19.9,131.01,0
2015-10-23 07:09:33,68,comp2,101.44,12.6,10.1,111.54,16.3,70.82,0
2015-10-23 08:22:17,59,comp2,116.33,14.5,11.63,127.96,18.2,129.4,0
2015-10-24 00:07:19,49,comp4,40.21,27.1,21.67,61.88,27.9,116.01,0
2015-10-24 02:10:18,97,comp3,10.03,4.6,3.69,13.72,7.3,85.8,0
2015-10-24 03:59:58,96,comp4,25.06,15.8,12.63,37.68,18.1,115.05,0
2015-10-24 05:13:30,51,comp3,21.06,25.5,20.41,41.47,27.9,94.27,0
2015-10-24 06:29:19,63,comp1,16.37,8.0,6.37,22.74,9.9,98.76,0
2015-10-24 08:41:29,58,comp4,31.62,4.3,3.44,35.06,5.4,135.19,0
2015-10-24 21:07:45,50,comp3,20.18,24.5,19.6,39.79,27.0,108.09,0
2015-10-25 00:05:00,57,comp1,38.69,14.7,11.74,50.43,16.2,99.78,0
2015-10-25 03:47:01,85,comp3,15.82,13.4,10.68,26.5,14.6,77.89,0
2015-10-25 07:51:31,34,comp1,14.09,9.8,7.8,21.9,13.1,133.2,0
2015-10-25 09:54:03,32,comp4,47.65,20.0,15.99,63.64,21.6,108.0,0
2015-10-25 20:00:30,39,comp4,44.4,25.9,20.7,65.1,28.4,152.33,0
2015-10-26 00:59:22,96,comp1,20.33,28.1,22.44,42.77,30.3,83.45,0
2015-10-26 10:50:23,25,comp2,59.04,13.6,10.86,69.9,16.2,77.76,0
2015-10-26 15:15:07,91,comp4,60.61,18.6,14.89,75.49,19.2,59.79,0
2015-10-27 01:21:02,26,comp2,68.29,21.3,17.0,85.29,23.7,145.16,0
2015-10-27 11:21:07,14,comp1,20.92,15.2,12.15,33.07,18.1,82.84,0
2015-10-28 00:02:37,39,comp3,16.84,15.0,12.0,28.84,16.6,166.64,0
2015-10-28 00:40:06,59,comp1,25.29,7.0,5.58,30.86,7.9,71.39,0
2015-10-28 01:51:15,61,comp4,31.42,13.1,10.46,41.88,15.7,150.67,0
2015-10-28 07:55:36,20,comp3,25.82,17.1,13.7,39.51,18.1,140.52,0
2015-10-29 04:35:54,63,comp3,15.44,16.0,12.79,28.23,19.5,135.08,0
2015-10-29 05:59:16,51,comp1,22.06,28.4,22.75,44.82,30.8,77.97,0
2015-10-29 06:25:47,73,comp1,20.69,12.1,9.68,30.36,13.1,61.69,0
2015-10-30 00:27:17,32,comp3,8.17,19.6,15.67,23.84,20.5,48.84,0
2015-10-30 01:32:44,39,comp1,22.2,4.6,3.66,25.86,5.2,163.75,0
2015-10-30 03:38:39,87,comp1,15.88,12.9,10.3,26.19,15.8,50.29,0
2015-10-30 06:23:24,73,comp1,12.03,5.6,4.52,16.55,9.0,82.78,0
2015-10-30 07:24:14,26,comp3,10.56,20.3,16.25,26.81,23.6,145.9,0
2015-10-31 09:37:11,38,comp1,19.17,16.9,13.55,32.72,20.3,158.83,0
2015-10-31 20:22:14,19,comp1,26.6,13.3,10.66,37.26,15.3,106.79,0
2015-10-31 22:41:24,40,comp2,72.22,22.1,17.64,89.87,24.0,91.53,0
2015-11-01 04:12:16,88,comp2,38.58,18.1,14.48,53.06,20.2,125.94,0
2015-11-01 05:27:31,9,comp1,27.65,5.9,4.71,32.36,9.7,93.71,0
2015-11-01 12:04:03,8,comp2,50.97,16.3,13.04,64.01,19.5,145.95,0
2015-11-01 21:56:09,8,comp3,13.02,19.0,15.18,28.19,20.1,119.09,0
2015-11-02 03:48:11,24,comp4,20.31,13.7,10.99,31.3,16.9,117.15,0
2015-11-02 10:02:30,20,comp3,15.17,18.1,14.49,29.66,21.1,133.19,0
2015-11-02 13:27:25,85,comp1,28.06,9.7,7.73,35.79,11.7,155.99,0
2015-11-02 15:10:03,85,comp3,10.95,9.0,7.2,18.16,11.0,133.89,0
2015-11-02 18:51:44,19,comp2,28.07,9.6,7.68,35.75,13.4,132.38,0
2015-11-02 22:03:30,61,comp2,31.05,13.1,10.48,41.53,14.0,108.39,0
2015-11-03 04:42:52,86,comp1,22.52,8.0,6.42,28.93,8.8,122.43,0
2015-11-03 06:22:56,75,comp2,39.56,3.8,3.03,42.59,5.5,120.03,0
2015-11-03 06:41:33,86,comp1,28.68,19.2,15.38,44.07,21.6,104.56,0
2015-11-03 19:11:26,86,comp4,33.45,23.4,18.73,52.18,26.2,69.71,0
2015-11-03 19:23:28,61,comp2,37.42,25.8,20.63,58.05,28.3,71.25,0
2015-11-04 01:41:24,77,comp1,30.74,15.0,11.98,42.72,16.6,158.56,0
2015-11-04 02:14:19,50,comp3,21.29,11.2,8.99,30.28,12.7,105.73,0
2015-11-04 17:38:39,64,comp3,7.36,13.1,10.51,17.86,14.7,143.68,0
2015-11-04 18:49:00,69,comp2,52.6,12.1,9.66,62.26,14.8,120.61,0
2015-11-04 19:50:01,55,comp4,20.28,2.5,1.97,22.26,5.8,113.49,0
2015-11-04 22:40:12,45,comp3,11.08,3.7,2.97,14.05,5.0,36.65,0
2015-11-05 00:11:28,90,comp3,10.04,29.5,23.59,33.63,32.6,186.61,0
2015-11-05 06:09:00,24,comp1,32.86,27.7,22.15,55.0,31.1,77.48,0
2015-11-05 21:09:26,20,comp2,97.47,18.2,14.53,112.01,20.3,67.44,0
2015-11-06 03:29:18,24,comp2,99.1,24.5,19.61,118.71,26.3,112.95,0
2015-11-06 04:35:41,68,comp2,78.61,17.5,14.04,92.64,19.9,135.23,0
2015-11-06 05:22:31,40,comp3,17.67,20.1,16.12,33.79,21.3,121.1,0
2015-11-06 20:20:11,43,comp4,38.07,12.2,9.73,47.81,16.1,100.68,0
2015-11-06 23:13:32,36,comp2,64.24,8.3,6.63,70.87,11.2,175.32,0
2015-11-07 02:41:17,86,comp2,53.18,4.5,3.57,56.75,5.1,153.15,0
2015-11-07 05:54:57,73,comp4,23.32,10.1,8.1,31.42,10.6,44.71,0
2015-11-07 10:08:38,60,comp1,23.9,15.7,12.59,36.5,16.7,76.41,0
2015-11-07 15:18:42,35,comp1,12.46,2.7,2.12,14.58,4.5,70.76,0
2015-11-07 15:29:14,18,comp4,40.08,26.0,20.77,60.84,27.5,54.77,0
2015-11-07 22:03:46,2,comp3,8.36,13.4,10.76,19.12,17.2,73.84,0
2015-11-08 05:44:38,28,comp1,10.67,16.3,13.01,23.68,18.1,117.76,0
2015-11-08 10:32:51,73,comp4,49.73,9.5,7.58,57.31,11.5,97.28,0
2015-11-08 13:22:24,19,comp2,60.3,21.3,17.06,77.37,24.7,135.35,0
2015-11-09 04:56:38,53,comp4,15.83,6.7,5.39,21.22,9.6,62.2,0
2015-11-09 06:50:49,26,comp3,14.36,17.1,13.72,28.08,19.4,72.02,0
2015-11-09 07:59:26,77,comp4,36.38,13.6,10.85,47.24,14.3,167.92,0
2015-11-09 11:18:01,77,comp4,22.43,26.3,21.04,43.47,27.9,69.61,0
2015-11-09 11:43:25,70,comp1,17.09,11.6,9.25,26.34,12.4,103.21,0
2015-11-09 20:03:53,40,comp1,21.93,4.0,3.16,25.1,6.8,51.5,0
2015-11-10 05:01:03,77,comp2,95.95,8.1,6.47,102.42,8.8,187.51,0
2015-11-10 05:13:34,22,comp1,35.41,9.1,7.27,42.68,10.1,157.65,0
2015-11-10 05:42:39,25,comp4,31.94,8.9,7.08,39.02,12.3,190.41,0
2015-11-10 10:43:00,12,comp4,27.37,8.7,6.99,34.36,9.6,142.79,0
2015-11-10 11:50:54,96,comp2,33.64,29.4,23.55,57.19,30.1,150.62,0
2015-11-10 19:18:47,5,comp1,30.6,15.8,12.64,43.24,18.7,97.62,0
2015-11-10 20:57:45,41,comp1,18.97,7.3,5.81,24.78,8.3,44.63,0
2015-11-11 20:43:52,19,comp2,33.54,22.0,17.62,51.16,23.4,48.04,0
2015-11-11 20:56:24,18,comp1,22.32,18.9,15.09,37.42,21.7,45.03,0
2015-11-12 00:23:31,50,comp1,32.29,27.4,21.95,54.24,30.2,82.03,0
2015-11-12 02:52:44,64,comp4,44.27,10.3,8.22,52.49,14.2,132.18,0
2015-11-12 06:14:17,92,comp3,6.6,3.2,2.54,9.14,4.9,102.63,0
2015-11-12 18:12:10,85,comp1,10.01,14.0,11.17,21.18,17.5,88.88,0
2015-11-12 22:59:06,59,comp3,8.62,30.5,24.38,33.0,32.1,161.11,0
2015-11-13 12:24:40,29,comp3,3.73,9.7,7.76,11.49,13.1,54.83,0
2015-11-14 03:08:19,19,comp3,18.0,24.4,19.52,37.52,25.9,73.27,0
2015-11-14 07:57:45,12,comp2,35.39,30.1,24.11,59.51,32.9,120.75,0
2015-11-14 20:15:34,25,comp4,61.69,23.5,18.77,80.46,25.3,118.58,0
2015-11-14 20:17:28,96,comp1,21.91,28.3,22.64,44.55,32.0,168.09,0
2015-11-15 04:26:25,39,comp3,18.38,17.0,13.57,31.95,19.7,87.42,0
2015-11-15 15:57:12,20,comp3,19.25,25.8,20.63,39.88,26.4,113.91,0
2015-11-15 16:04:31,61,comp3,16.91,9.3,7.41,24.32,10.4,59.67,0
2015-11-15 17:55:17,64,comp1,17.94,8.6,6.92,24.85,11.7,154.57,0
2015-11-16 00:12:03,57,comp4,31.6,22.1,17.71,49.32,25.7,136.1,0
2015-11-16 06:40:23,50,comp4,57.71,19.3,15.45,73.16,22.3,54.38,0
2015-11-16 08:40:46,40,comp4,46.56,6.6,5.25,51.81,7.7,126.74,0
2015-11-16 22:53:18,80,comp3,13.24,13.7,10.93,24.17,17.6,76.67,0
2015-11-17 02:01:03,84,comp3,8.66,12.7,10.18,18.84,14.8,42.54,0
2015-11-17 02:28:35,56,comp3,5.49,20.5,16.37,21.86,23.1,137.67,0
2015-11-17 06:39:58,77,comp3,19.18,14.0,11.17,30.35,15.8,158.28,0
2015-11-17 08:52:43,59,comp1,18.74,10.8,8.65,27.39,13.3,97.04,0
2015-11-17 16:24:15,42,comp1,17.95,14.6,11.68,29.63,16.8,127.66,0
2015-11-18 00:45:39,54,comp1,14.4,4.2,3.33,17.73,6.6,129.43,0
2015-11-18 08:06:22,91,comp4,26.56,10.9,8.72,35.28,12.6,142.21,0
2015-11-18 20:06:43,41,comp3,15.32,3.9,3.11,18.43,6.9,83.57,0
2015-11-19 02:05:04,14,comp1,20.77,19.3,15.48,36.25,22.1,132.19,0
2015-11-19 03:08:05,97,comp3,8.29,11.1,8.89,17.19,14.4,99.73,0
2015-11-19 06:27:46,85,comp1,26.84,17.9,14.29,41.12,20.7,149.39,0
2015-11-19 08:30:38,72,comp3,9.03,11.8,9.45,18.48,13.2,76.84,0
2015-11-19 12:33:57,77,comp2,92.34,13.9,11.16,103.5,16.8,168.38,0
2015-11-19 13:27:56,30,comp4,31.1,11.2,8.94,40.04,14.5,112.01,0
2015-11-19 13:29:19,39,comp4,51.52,12.2,9.74,61.26,15.1,124.61,0
2015-11-19 14:58:27,42,comp4,20.61,5.3,4.23,24.84,6.7,41.97,0
2015-11-20 00:40:33,91,comp1,22.63,29.3,23.46,46.1,29.9,89.15,0
2015-11-20 02:05:46,37,comp3,5.82,11.9,9.52,15.34,14.7,59.67,0
2015-11-20 04:08:11,61,comp1,29.65,27.6,22.12,51.77,29.0,134.87,0
2015-11-20 08:39:31,49,comp2,94.04,24.4,19.51,113.55,25.1,182.65,0
2015-11-20 10:37:16,73,comp2,63.77,4.9,3.9,67.67,8.0,150.16,0
2015-11-20 11:06:30,33,comp2,64.32,25.0,19.99,84.31,26.8,103.64,0
2015-11-20 18:34:57,82,comp1,10.59,13.2,10.57,21.16,16.4,62.75,0
2015-11-20 18:52:54,24,comp1,15.4,4.4,3.55,18.95,5.8,85.91,0
2015-11-20 19:03:58,12,comp2,31.8,4.1,3.31,35.11,5.2,70.4,0
2015-11-21 02:59:21,16,comp2,45.17,20.3,16.25,61.42,22.7,115.44,0
2015-11-21 04:11:27,61,comp3,23.32,21.8,17.47,40.78,23.9,126.18,0
2015-11-21 15:41:56,57,comp3,11.94,29.0,23.2,35.14,32.7,109.46,0
2015-11-21 16:20:30,5,comp1,29.05,5.8,4.64,33.69,6.9,111.71,0
2015-11-22 05:50:28,62,comp2,24.91,12.4,9.96,34.87,15.8,61.46,0
2015-11-22 13:52:05,74,comp4,21.19,11.9,9.5,30.69,13.8,85.0,0
2015-11-22 22:10:47,38,comp1,10.64,11.9,9.55,20.19,15.0,144.24,0
2015-11-23 04:05:22,31,comp1,13.66,22.3,17.86,31.52,23.8,117.97,0
2015-11-23 10:04:50,36,comp2,81.84,22.7,18.14,99.98,25.1,144.0,0
2015-11-24 15:29:31,20,comp3,18.42,9.1,7.28,25.7,12.5,89.65,0
2015-11-25 05:25:01,96,comp4,40.15,26.5,21.18,61.33,29.6,121.78,0
2015-11-25 06:48:13,72,comp3,19.03,25.5,20.39,39.42,29.3,176.5,0
2015-11-25 10:54:35,77,comp3,19.92,29.2,23.37,43.29,32.0,115.35,0
2015-11-25 14:15:29,14,comp1,19.06,15.9,12.76,31.82,17.2,155.8,0
2015-11-26 01:10:26,95,comp3,17.53,4.0,3.21,20.75,7.9,105.85,0
2015-11-26 01:23:41,89,comp4,41.81,6.8,5.41,47.22,7.5,109.9,0
2015-11-26 08:04:31,22,comp1,33.17,22.5,17.99,51.16,23.8,118.64,0
2015-11-26 08:14:31,84,comp2,80.27,6.0,4.83,85.1,6.6,153.8,0
2015-11-26 11:04:04,27,comp4,20.97,7.2,5.74,26.71,11.1,75.75,0
2015-11-26 22:37:07,40,comp4,32.0,17.4,13.93,45.93,18.2,86.95,0
2015-11-27 00:07:45,25,comp2,71.28,17.6,14.11,85.38,18.8,137.58,0
2015-11-27 11:27:19,43,comp1,11.71,7.0,5.57,17.28,8.4,50.22,0
2015-11-27 15:05:15,10,comp2,82.69,7.0,5.64,88.33,10.4,145.36,0
2015-11-27 18:32:31,42,comp3,6.75,23.6,18.85,25.6,27.0,155.8,0
2015-11-27 19:01:40,67,comp2,47.04,6.3,5.0,52.04,7.5,67.52,0
2015-11-28 00:23:49,67,comp1,30.28,15.2,12.16,42.44,18.8,86.77,0
2015-11-28 04:36:15,90,comp2,61.52,5.2,4.16,65.68,8.9,84.96,0
2015-11-28 05:43:25,14,comp3,17.25,15.4,12.36,29.61,16.0,60.67,0
2015-11-28 09:39:46,72,comp3,13.25,19.7,15.74,29.0,21.6,85.47,0
2015-11-28 10:42:41,34,comp4,30.02,14.8,11.8,41.83,15.4,137.89,0
2015-11-28 19:42:02,61,comp2,100.14,5.1,4.11,104.25,6.6,115.07,0
2015-11-29 05:22:25,83,comp1,21.14,16.1,12.85,33.99,16.9,50.57,0
2015-11-29 10:11:22,5,comp1,34.07,21.9,17.5,51.57,22.7,75.63,0
2015-11-29 10:37:09,63,comp2,25.36,11.8,9.46,34.82,13.2,54.45,0
2015-11-29 17:19:16,34,comp2,58.95,15.6,12.5,71.45,19.2,59.17,0
2015-11-30 02:39:06,59,comp2,63.81,21.3,17.05,80.87,25.1,115.21,0
2015-11-30 08:55:29,86,comp3,22.38,29.3,23.44,45.83,33.0,131.05,0
2015-11-30 10:40:08,19,comp1,20.1,9.2,7.38,27.48,10.7,151.25,0
2015-11-30 17:38:58,67,comp1,20.4,12.3,9.81,30.2,16.2,154.56,0
2015-11-30 20:06:55,52,comp3,16.76,4.8,3.87,20.64,8.4,123.76,0
2015-12-01 01:05:29,77,comp1,36.52,8.9,7.11,43.63,12.3,114.12,0
2015-12-01 01:20:03,51,comp3,21.69,14.6,11.65,33.34,17.0,63.77,0
2015-12-01 03:53:14,26,comp1,27.53,10.9,8.72,36.25,13.5,143.08,0
2015-12-01 04:35:54,57,comp2,91.07,4.3,3.41,94.48,6.4,60.1,0
2015-12-01 06:19:46,17,comp1,8.97,12.4,9.96,18.93,13.1,130.54,0
2015-12-01 12:21:19,5,comp3,8.24,7.1,5.68,13.92,10.2,48.66,0
2015-12-01 13:42:52,31,comp1,22.71,12.0,9.62,32.33,12.8,67.45,0
2015-12-01 15:22:12,2,comp4,24.25,10.5,8.4,32.64,13.9,106.32,0
2015-12-01 15:50:24,50,comp1,35.56,20.1,16.09,51.65,21.6,186.65,0
2015-12-01 16:44:13,10,comp4,53.37,24.6,19.69,73.06,25.2,99.97,0
2015-12-02 13:18:53,61,comp2,95.38,29.9,23.9,119.28,31.9,160.8,0
2015-12-02 13:39:37,19,comp3,15.73,10.8,8.67,24.4,12.6,141.94,0
2015-12-02 16:21:12,20,comp2,100.99,12.7,10.14,111.13,15.1,72.39,0
2015-12-02 18:42:33,18,comp1,28.44,10.9,8.7,37.14,13.6,77.28,0
2015-12-02 19:07:32,7,comp1,11.05,9.6,7.72,18.77,12.7,73.0,0
2015-12-02 21:33:03,59,comp4,50.7,11.4,9.16,59.86,14.5,122.37,0
2015-12-02 23:00:45,73,comp4,41.56,16.3,13.04,54.6,18.2,110.62,0
2015-12-03 00:48:47,63,comp1,19.13,24.2,19.38,38.51,25.1,121.57,0
2015-12-03 02:58:23,91,comp3,21.28,5.1,4.11,25.39,7.3,169.32,0
2015-12-03 11:52:46,86,comp3,20.92,22.1,17.71,38.63,23.7,163.09,0
2015-12-03 15:38:24,36,comp3,22.11,20.3,16.23,38.34,21.6,59.41,0
2015-12-04 03:12:18,95,comp3,18.08,13.6,10.91,28.99,14.7,108.58,0
2015-12-04 06:38:42,49,comp3,23.97,16.8,13.45,37.43,17.9,56.75,0
2015-12-04 17:16:30,63,comp1,13.57,10.8,8.67,22.24,11.5,103.35,0
2015-12-04 18:08:56,85,comp2,37.94,10.3,8.27,46.21,12.1,79.24,0
2015-12-04 18:11:40,64,comp2,56.82,4.3,3.48,60.3,7.1,154.85,0
2015-12-04 19:42:29,97,comp1,11.62,6.2,4.95,16.57,7.3,74.59,0
2015-12-05 00:41:15,77,comp4,21.47,4.2,3.36,24.84,6.6,124.5,0
2015-12-05 04:48:48,69,comp3,7.1,20.3,16.24,23.34,22.1,109.82,0
2015-12-05 05:41:01,65,comp1,11.37,12.6,10.08,21.45,14.6,83.49,0
2015-12-05 09:19:09,20,comp2,102.93,11.6,9.32,112.25,12.7,186.65,0
2015-12-05 17:11:01,19,comp3,18.72,4.1,3.27,21.99,7.3,106.31,0
2015-12-05 19:11:56,67,comp2,102.89,21.1,16.88,119.77,23.1,178.35,0
2015-12-05 21:01:40,68,comp3,7.36,9.5,7.58,14.95,10.4,58.22,0
2015-12-05 22:20:15,50,comp2,106.97,26.1,20.87,127.84,26.9,93.11,0
2015-12-06 06:36:39,94,comp2,24.1,2.4,1.9,26.01,3.7,129.39,0
2015-12-06 12:02:41,64,comp1,13.51,5.1,4.05,17.55,8.0,125.72,0
2015-12-06 14:47:59,4,comp4,24.09,18.2,14.57,38.66,20.1,72.63,0
2015-12-06 16:54:48,18,comp4,28.3,19.2,15.38,43.68,21.8,53.29,0
2015-12-07 09:12:17,76,comp3,6.41,9.5,7.64,14.05,11.3,54.93,0
2015-12-07 14:35:25,20,comp2,31.61,8.5,6.78,38.39,9.0,96.48,0
2015-12-08 11:23:33,12,comp4,48.7,22.0,17.59,66.29,24.4,123.81,0
2015-12-08 11:54:53,61,comp4,31.89,9.6,7.65,39.55,10.5,97.75,0
2015-12-08 14:50:20,37,comp2,62.03,17.8,14.2,76.23,19.4,136.83,0
2015-12-08 19:11:42,44,comp2,44.33,9.2,7.34,51.66,11.6,123.45,0
2015-12-09 00:18:54,34,comp4,38.92,5.5,4.38,43.3,8.8,66.49,0
2015-12-09 02:05:07,60,comp3,20.63,25.8,20.61,41.24,29.8,134.16,0
2015-12-09 02:14:57,12,comp1,31.35,30.6,24.45,55.8,32.1,112.63,0
2015-12-09 09:23:53,42,comp3,16.58,4.1,3.25,19.82,6.7,139.15,0
2015-12-09 23:08:53,15,comp2,24.69,20.6,16.51,41.2,21.9,93.51,0
2015-12-10 01:20:45,99,comp2,78.47,19.7,15.79,94.26,21.3,139.49,0
2015-12-10 08:43:57,18,comp4,38.71,8.8,7.03,45.73,12.3,102.88,0
2015-12-10 20:39:16,82,comp4,28.75,9.5,7.6,36.35,11.5,78.61,0
2015-12-10 21:08:02,26,comp2,72.3,24.0,19.23,91.53,27.3,70.01,0
2015-12-11 03:23:40,25,comp3,19.49,9.6,7.65,27.14,12.4,106.79,0
2015-12-11 13:51:22,81,comp3,8.34,29.9,23.93,32.28,32.7,180.91,0
2015-12-11 15:31:40,67,comp2,100.53,21.7,17.32,117.86,24.9,83.7,0
2015-12-11 21:36:29,91,comp4,24.71,7.8,6.23,30.94,10.5,47.56,0
2015-12-12 10:01:19,57,comp1,30.55,20.9,16.75,47.31,22.1,170.57,0
2015-12-12 18:04:45,10,comp4,21.65,11.1,8.85,30.5,11.7,68.8,0
2015-12-13 04:41:30,29,comp4,20.47,3.2,2.52,22.99,6.4,74.04,0
2015-12-13 06:42:05,34,comp3,14.87,19.9,15.9,30.77,22.4,85.16,0
2015-12-13 16:11:33,26,comp3,7.67,23.5,18.79,26.45,24.4,113.74,0
2015-12-13 19:36:48,32,comp2,28.53,16.4,13.16,41.69,18.2,109.77,0
2015-12-15 10:35:08,30,comp3,12.59,6.2,4.92,17.51,8.0,34.99,0
2015-12-16 02:26:05,70,comp3,8.67,14.8,11.88,20.55,17.5,91.44,0
2015-12-16 02:35:05,17,comp4,23.74,8.2,6.53,30.27,9.4,45.71,0
2015-12-16 03:06:53,16,comp1,15.61,18.8,15.04,30.64,22.6,128.42,0
2015-12-16 05:46:25,89,comp3,15.78,18.2,14.54,30.32,21.3,130.28,0
2015-12-16 13:02:40,22,comp3,18.33,28.9,23.09,41.41,30.8,130.0,0
2015-12-16 17:33:27,86,comp2,32.7,6.0,4.77,37.47,8.9,67.01,0
2015-12-16 23:36:50,24,comp4,44.96,27.5,21.99,66.95,30.8,131.03,0
2015-12-17 04:25:04,83,comp3,5.29,17.0,13.59,18.87,19.7,67.64,0
2015-12-17 11:22:37,7,comp3,4.62,14.2,11.33,15.95,16.9,79.52,0
2015-12-17 14:45:27,23,comp1,22.34,24.8,19.8,42.14,27.6,161.36,0
2015-12-17 15:57:48,73,comp1,25.71,7.4,5.89,31.59,10.3,54.66,0
2015-12-17 20:19:58,74,comp4,13.89,8.6,6.87,20.75,11.0,34.92,0
2015-12-17 20:31:21,68,comp2,84.51,4.5,3.58,88.09,7.8,104.49,0
2015-12-18 01:13:29,15,comp1,13.12,12.8,10.21,23.33,15.4,143.97,0
2015-12-18 03:20:17,73,comp4,24.63,18.4,14.76,39.39,21.7,119.56,0
2015-12-18 14:20:51,14,comp2,27.66,24.1,19.24,46.91,27.3,51.64,0
2015-12-19 04:29:55,30,comp3,10.79,14.8,11.8,22.6,16.6,103.78,0
2015-12-19 05:11:22,36,comp1,19.8,19.1,15.29,35.09,22.7,130.66,0
2015-12-19 15:25:01,39,comp2,40.43,18.4,14.68,55.11,21.5,164.48,0
2015-12-19 16:39:20,14,comp3,10.26,24.7,19.79,30.05,28.1,145.66,0
2015-12-19 19:00:30,54,comp2,20.05,11.3,9.03,29.08,12.9,77.19,0
2015-12-19 19:52:28,51,comp4,38.83,26.6,21.25,60.07,27.1,133.49,0
2015-12-20 04:06:25,80,comp1,20.18,14.0,11.17,31.35,17.3,78.77,0
2015-12-20 06:20:44,75,comp4,28.78,3.6,2.91,31.69,7.4,149.13,0
2015-12-20 07:01:34,89,comp1,16.77,9.1,7.27,24.04,12.2,157.22,0
2015-12-20 13:55:53,65,comp3,7.83,15.1,12.09,19.92,16.5,107.19,0
2015-12-20 15:33:54,73,comp3,7.72,23.7,18.99,26.71,24.4,67.61,0
2015-12-21 13:07:23,61,comp4,21.96,22.9,18.35,40.31,26.7,154.81,0
2015-12-21 17:47:10,64,comp4,17.76,16.2,12.93,30.69,19.3,129.81,0
2015-12-21 18:18:56,77,comp2,55.3,25.7,20.53,75.83,27.6,96.23,0
2015-12-21 23:33:13,77,comp1,21.51,24.4,19.55,41.05,26.9,132.23,0
2015-12-22 10:48:12,79,comp1,12.27,15.0,11.98,24.25,15.6,127.55,0
2015-12-22 16:16:54,95,comp4,32.58,4.1,3.26,35.84,6.0,140.46,0
2015-12-22 18:25:02,58,comp2,72.41,20.1,16.11,88.52,20.9,161.47,0
2015-12-23 07:26:25,27,comp1,13.78,2.4,1.89,15.67,4.0,129.51,0
2015-12-24 01:18:32,9,comp3,11.31,20.1,16.08,27.39,21.3,59.72,0
2015-12-24 02:44:56,36,comp2,51.69,6.9,5.48,57.17,9.4,54.11,0
2015-12-24 03:27:28,41,comp2,25.26,17.9,14.3,39.56,18.8,95.05,0
2015-12-24 14:12:23,22,comp3,7.55,3.9,3.11,10.66,4.5,139.43,0
2015-12-24 15:40:52,67,comp2,35.81,29.3,23.42,59.23,32.4,105.12,0
2015-12-24 18:08:12,56,comp2,34.03,14.0,11.18,45.22,15.2,122.2,0
2015-12-24 21:21:08,97,comp4,36.52,12.6,10.08,46.6,15.6,151.33,0
2015-12-25 00:26:02,61,comp1,16.17,13.7,10.97,27.14,15.5,178.88,0
2015-12-25 10:50:38,91,comp2,102.2,16.8,13.45,115.65,19.4,60.47,0
2015-12-25 13:27:32,4,comp3,6.43,12.9,10.35,16.79,16.4,44.77,0
2015-12-25 19:28:30,52,comp4,24.99,5.4,4.31,29.3,8.4,153.49,0
2015-12-26 00:50:46,19,comp1,28.36,22.7,18.16,46.53,23.3,103.47,0
2015-12-26 10:59:08,22,comp1,33.18,26.0,20.81,53.99,29.0,184.09,0
2015-12-26 12:44:39,18,comp1,19.35,13.1,10.47,29.82,16.0,50.6,0
2015-12-26 18:21:57,5,comp1,26.25,15.0,12.02,38.27,18.9,119.5,0
2015-12-26 19:46:27,8,comp3,12.47,8.1,6.47,18.94,11.7,132.44,0
2015-12-27 06:32:12,60,comp3,17.82,5.7,4.55,22.36,7.1,46.0,0
2015-12-27 17:51:21,39,comp1,34.9,23.0,18.43,53.34,24.0,107.21,0
2015-12-27 19:04:42,11,comp3,6.32,10.8,8.64,14.96,11.7,52.67,0
2015-12-28 03:07:09,18,comp3,18.89,13.2,10.55,29.45,16.9,141.92,0
2015-12-28 11:49:58,19,comp1,24.83,7.0,5.62,30.45,10.2,117.61,0
2015-12-28 20:35:44,12,comp4,26.5,26.3,21.06,47.56,26.8,64.34,0
2015-12-29 04:57:23,61,comp3,16.57,21.1,16.91,33.48,24.5,141.51,0
2015-12-29 06:48:47,63,comp3,17.76,21.4,17.11,34.87,22.0,67.76,0
2015-12-29 10:36:28,12,comp2,60.53,29.4,23.53,84.06,30.7,58.95,0
2015-12-29 14:25:14,53,comp3,10.35,11.7,9.35,19.7,15.5,118.36,0
2015-12-29 19:49:34,61,comp4,39.01,16.4,13.09,52.1,17.8,63.35,0
2015-12-29 23:18:26,42,comp2,62.64,9.7,7.8,70.43,11.4,63.24,0
2015-12-30 00:05:37,10,comp2,49.79,25.3,20.2,69.99,28.4,121.15,0
2015-12-30 09:40:32,11,comp4,30.96,7.1,5.71,36.67,10.6,85.79,0
2015-12-31 15:27:42,12,comp1,16.85,30.3,24.28,41.13,32.4,50.79,0
2015-12-31 18:19:28,20,comp3,19.45,17.3,13.86,33.31,18.0,66.37,0
